time,nitrate,phosphate
2022-06-01,2.5345101,0.22313398
2022-06-02,2.7217097,0.22132157
2022-06-03,2.5386689,0.22021572
2022-06-04,2.2925715,0.22431023
2022-06-05,2.4283547,0.2281167
2022-06-06,2.2214854,0.22743997
2022-06-07,2.1500752,0.23006064
2022-06-08,2.2765396,0.23169413
2022-06-09,2.3329384,0.23004879
2022-06-10,2.4181652,0.2261889
2022-06-11,2.3877769,0.22485371
2022-06-12,2.121902,0.22435375
2022-06-13,2.0925608,0.23102255
2022-06-14,2.2189176,0.23474889
2022-06-15,2.0837684,0.23311532
2022-06-16,2.3417547,0.23292379
2022-06-17,2.5491679,0.22727959
2022-06-18,2.4224637,0.22167312
2022-06-19,2.360801,0.22003376
2022-06-20,2.5340962,0.21980314
2022-06-21,2.6233978,0.21515135
2022-06-22,2.0993185,0.21951641
2022-06-23,1.951661,0.22712441
2022-06-24,1.9509977,0.22826923
2022-06-25,1.9304159,0.22876015
2022-06-26,2.0226567,0.22900051
2022-06-27,2.0177026,0.22821048
2022-06-28,1.9437051,0.2275162
2022-06-29,2.0398161,0.22605175
2022-06-30,2.1960447,0.22221312
2022-07-01,2.2201853,0.22078896
2022-07-02,2.217285,0.22185446
2022-07-03,2.2292924,0.22441898
2022-07-04,2.411567,0.22142138
2022-07-05,2.5824535,0.21783572
2022-07-06,2.6302853,0.2161002
2022-07-07,2.3280804,0.21584359
2022-07-08,2.0793533,0.21554826
2022-07-09,1.9160193,0.21442412
2022-07-10,1.7044351,0.21452604
2022-07-11,1.704465,0.21753977
2022-07-12,1.8131617,0.21648279
2022-07-13,1.9136256,0.21312481
2022-07-14,1.8908325,0.21177047
2022-07-15,2.0440621,0.2093328
2022-07-16,2.1338227,0.20870486
2022-07-17,2.0090783,0.2079777
2022-07-18,1.6589789,0.21377715
2022-07-19,1.7033068,0.21700141
2022-07-20,1.7738229,0.21578701
2022-07-21,1.6738769,0.21450949
2022-07-22,1.7059888,0.21373118
2022-07-23,1.7602515,0.21183474
2022-07-24,1.8282757,0.20841713
2022-07-25,1.8451531,0.20490578
2022-07-26,1.8790531,0.20289381
2022-07-27,1.9331217,0.19997257
2022-07-28,1.9840891,0.19911194
2022-07-29,1.8695247,0.19786674
2022-07-30,1.7630084,0.19756599
2022-07-31,1.7975479,0.19743256
2022-08-01,1.87641,0.19685982
2022-08-02,1.8264661,0.19632937
2022-08-03,1.77356,0.19445762
2022-08-04,1.8380333,0.19344014
2022-08-05,1.9268721,0.19192767
2022-08-06,1.90596,0.18935534
2022-08-07,1.7383685,0.19258988
2022-08-08,1.6767933,0.19723026
2022-08-09,1.5928465,0.19879057
2022-08-10,1.3979286,0.20145927
2022-08-11,1.2717344,0.20586462
2022-08-12,1.3271732,0.20720036
2022-08-13,1.4153584,0.20362538
2022-08-14,1.5060465,0.20024431
2022-08-15,1.5716994,0.1971963
2022-08-16,1.6229665,0.19725698
2022-08-17,1.7504054,0.19412406
2022-08-18,1.7466124,0.19198272
2022-08-19,1.7082995,0.1919945
2022-08-20,1.7394401,0.1919279
2022-08-21,1.7188482,0.1909075
2022-08-22,1.6678728,0.18933865
2022-08-23,1.6535274,0.18817389
2022-08-24,1.4828057,0.1902919
2022-08-25,1.2855186,0.19451232
2022-08-26,1.2946395,0.19719034
2022-08-27,1.3846273,0.1979727
2022-08-28,1.513175,0.19620617
2022-08-29,1.6170104,0.19377446
2022-08-30,1.6502951,0.19271314
2022-08-31,1.5065664,0.18919466
2022-09-01,1.2436805,0.1873419
2022-09-02,1.1017998,0.19289888
2022-09-03,1.0349598,0.19692346
2022-09-04,1.0020385,0.20368789
2022-09-05,1.0007527,0.20913139
2022-09-06,1.0625522,0.2117047
2022-09-07,1.0908456,0.20967706
2022-09-08,1.1245917,0.20582323
2022-09-09,1.1804544,0.20235221
2022-09-10,1.171066,0.20023803
2022-09-11,1.2478026,0.1984365
2022-09-12,1.2355456,0.1991251
2022-09-13,1.0812052,0.20022404
2022-09-14,1.1313186,0.2010553
2022-09-15,1.2210646,0.19887769
2022-09-16,1.3448572,0.19778933
2022-09-17,1.3290036,0.19332704
2022-09-18,1.1867594,0.1921892
2022-09-19,1.0954986,0.19449611
2022-09-20,1.1051925,0.19240917
2022-09-21,1.0890024,0.19094674
2022-09-22,1.0669795,0.19307157
2022-09-23,1.0555582,0.19533464
2022-09-24,1.0418154,0.19399679
2022-09-25,1.1035517,0.19199862
2022-09-26,1.073086,0.18679276
2022-09-27,1.1324202,0.18399754
2022-09-28,1.1706979,0.18186995
2022-09-29,1.1933823,0.17803171
2022-09-30,1.2578677,0.17406961
2022-10-01,1.3573047,0.17016175
2022-10-02,1.1443285,0.17160359
2022-10-03,1.0180432,0.17821382
2022-10-04,1.037359,0.17779031
2022-10-05,1.0759659,0.17841686
2022-10-06,1.2065681,0.17961384
2022-10-07,1.1172127,0.17892441
2022-10-08,0.93165225,0.1789894
2022-10-09,0.9330332,0.1807756
2022-10-10,0.8563927,0.1849923
2022-10-11,0.9641456,0.18586257
2022-10-12,1.0899453,0.18576002
2022-10-13,1.0240333,0.18305811
2022-10-14,0.8932633,0.18308905
2022-10-15,0.83589333,0.1872775
2022-10-16,0.81517553,0.18877228
2022-10-17,0.82154596,0.19039908
2022-10-18,0.9013353,0.19229862
2022-10-19,0.9977092,0.1898039
2022-10-20,0.77300286,0.19329606
2022-10-21,0.820375,0.19768009
2022-10-22,0.83886313,0.1940101
2022-10-23,0.88001335,0.19213083
2022-10-24,0.98925006,0.1924029
2022-10-25,1.0111525,0.18841106
2022-10-26,0.95032364,0.18765247
2022-10-27,1.0297801,0.18930884
2022-10-28,1.1189021,0.18982399
2022-10-29,1.2012318,0.18840495
2022-10-30,1.1159439,0.18371737
2022-10-31,1.0609214,0.18410659
2022-11-01,1.0881454,0.18686
2022-11-02,1.1205391,0.1850626
2022-11-03,1.0362663,0.18648931
2022-11-04,1.087804,0.18724212
2022-11-05,0.9882421,0.18482009
2022-11-06,0.87556785,0.18852594
2022-11-07,0.87182796,0.19501086
2022-11-08,1.0224229,0.19612938
2022-11-09,1.0855873,0.19650906
2022-11-10,1.1532613,0.19520168
2022-11-11,1.2093219,0.19329385
2022-11-12,1.1210502,0.19380422
2022-11-13,1.2619661,0.19541146
2022-11-14,1.1985762,0.19439968
2022-11-15,1.238032,0.19314021
2022-11-16,1.3590997,0.1927648
2022-11-17,1.3738526,0.19437869
2022-11-18,1.1350641,0.19586709
2022-11-19,1.0329243,0.1950951
2022-11-20,1.0316598,0.19396716
2022-11-21,1.0352956,0.193002
2022-11-22,1.0453161,0.19464754
2022-11-23,1.0420698,0.19632532
2022-11-24,1.1158881,0.19540362
2022-11-25,1.0591948,0.19885929
2022-11-26,0.9633315,0.20819862
2022-11-27,1.0126028,0.21607836
2022-11-28,1.0214727,0.21656492
2022-11-29,0.9638652,0.21675229
2022-11-30,0.937619,0.21775906
2022-12-01,0.93629295,0.21918115
2022-12-02,0.95574,0.2200877
2022-12-03,0.9952575,0.22263552
2022-12-04,0.95673686,0.22573063
2022-12-05,0.966759,0.22956784
2022-12-06,1.0433773,0.23062396
2022-12-07,1.1964822,0.23077406
2022-12-08,1.5319204,0.2327863
2022-12-09,1.5920218,0.2325769
2022-12-10,1.4201982,0.23097365
2022-12-11,1.1352336,0.2289865
2022-12-12,1.2512895,0.23139895
2022-12-13,1.225415,0.23397824
2022-12-14,1.2063515,0.23607293
2022-12-15,1.1814038,0.23465098
2022-12-16,1.2465068,0.23417237
2022-12-17,1.2859706,0.23240903
2022-12-18,1.22373,0.23210008
2022-12-19,1.0990242,0.24109301
2022-12-20,1.2865673,0.25198814
2022-12-21,1.3913587,0.25266454
2022-12-22,1.5365275,0.2519824
2022-12-23,1.8242848,0.25348642
2022-12-24,2.0014124,0.25454092
2022-12-25,1.7972815,0.25309464
2022-12-26,1.494824,0.25359136
2022-12-27,1.5670455,0.2549625
2022-12-28,1.4283953,0.2567061
2022-12-29,1.574614,0.2575033
2022-12-30,1.7157671,0.25715113
2022-12-31,2.002864,0.25882924
2023-01-01,2.07345,0.2574175
2023-01-02,2.1839588,0.2566107
2023-01-03,2.108501,0.25398135
2023-01-04,2.0155275,0.25423324
2023-01-05,1.7664593,0.25192338
2023-01-06,1.6097001,0.25635174
2023-01-07,1.6510025,0.26036716
2023-01-08,1.5939082,0.25863048
2023-01-09,1.4473236,0.26108137
2023-01-10,1.3400474,0.2643335
2023-01-11,1.3107146,0.27028197
2023-01-12,1.3543006,0.2757103
2023-01-13,1.4322493,0.2782325
2023-01-14,1.5299011,0.2787111
2023-01-15,1.6618415,0.27840516
2023-01-16,1.6348659,0.27753145
2023-01-17,1.4859759,0.2763922
2023-01-18,1.4544165,0.27722567
2023-01-19,1.4714571,0.2772301
2023-01-20,1.5382493,0.27667254
2023-01-21,1.652811,0.27947345
2023-01-22,1.6406218,0.27820116
2023-01-23,1.5768253,0.27693915
2023-01-24,1.5905863,0.2764828
2023-01-25,1.5783466,0.2777066
2023-01-26,1.6054056,0.27894288
2023-01-27,1.5471191,0.28326496
2023-01-28,1.5110052,0.28592008
2023-01-29,1.4438362,0.2933451
2023-01-30,1.6514099,0.303002
2023-01-31,1.7901069,0.3058615
2023-02-01,1.8277531,0.30726442
2023-02-02,2.0605562,0.31436738
2023-02-03,2.1249793,0.32031754
2023-02-04,2.126877,0.3215298
2023-02-05,1.6233011,0.3191053
2023-02-06,1.531936,0.3480837
2023-02-07,1.5137703,0.3919346
2023-02-08,1.5217812,0.41427475
2023-02-09,1.5870777,0.42772827
2023-02-10,1.8250014,0.42999703
2023-02-11,2.0434852,0.4303269
2023-02-12,2.0813518,0.43116918
2023-02-13,1.9703126,0.43797565
2023-02-14,2.119013,0.44226715
2023-02-15,1.9526088,0.44770494
2023-02-16,2.1639938,0.4523974
2023-02-17,2.400603,0.45412904
2023-02-18,2.527276,0.45596814
2023-02-19,2.5909781,0.4578979
2023-02-20,2.3906598,0.45319906
2023-02-21,2.2832541,0.45652175
2023-02-22,2.4886844,0.45812926
2023-02-23,2.4620326,0.45385858
2023-02-24,2.4008846,0.45018968
2023-02-25,2.457599,0.4480251
2023-02-26,2.4671047,0.4450872
2023-02-27,2.5692875,0.44115457
2023-02-28,2.5750926,0.43721926
2023-03-01,2.6418786,0.43330404
2023-03-02,2.6584542,0.42720208
2023-03-03,2.863658,0.42392716
2023-03-04,3.0146668,0.420674
2023-03-05,2.968866,0.41508624
2023-03-06,2.9735966,0.41455823
2023-03-07,3.082955,0.41410086
2023-03-08,3.2228074,0.41110185
2023-03-09,3.2724497,0.40698907
2023-03-10,3.219643,0.40389693
2023-03-11,2.8966675,0.39882693
2023-03-12,2.660674,0.39682007
2023-03-13,2.6783597,0.3987345
2023-03-14,2.7990384,0.39802045
2023-03-15,2.952587,0.39336148
2023-03-16,3.0673892,0.3876033
2023-03-17,2.6713703,0.38218638
2023-03-18,2.640188,0.3796332
2023-03-19,2.5938542,0.3783806
2023-03-20,2.7447088,0.38221365
2023-03-21,2.9972765,0.38374355
2023-03-22,3.1886818,0.379725
2023-03-23,3.3395019,0.37413228
2023-03-24,3.4043844,0.36984858
2023-03-25,3.0997095,0.36303782
2023-03-26,3.0055335,0.3582696
2023-03-27,2.8813574,0.35591584
2023-03-28,2.3667338,0.35895613
2023-03-29,2.078717,0.3624696
2023-03-30,2.1020262,0.36449435
2023-03-31,2.1982431,0.36212674
2023-04-01,2.309921,0.35935366
2023-04-02,2.384489,0.3579565
2023-04-03,2.5089781,0.35384926
2023-04-04,2.2615578,0.35005718
2023-04-05,2.1240795,0.34821138
2023-04-06,2.1084764,0.34765622
2023-04-07,2.393998,0.34363154
2023-04-08,2.547375,0.34071025
2023-04-09,2.6052806,0.33455458
2023-04-10,2.4100397,0.33037692
2023-04-11,2.0692093,0.32951856
2023-04-12,2.133077,0.32693267
2023-04-13,2.3034656,0.32447195
2023-04-14,2.481597,0.32131425
2023-04-15,2.5636058,0.31723183
2023-04-16,2.5310743,0.3150784
2023-04-17,2.2912555,0.31390053
2023-04-18,2.322325,0.31097096
2023-04-19,2.422864,0.30946258
2023-04-20,2.4031682,0.30453038
2023-04-21,2.2629576,0.30223015
2023-04-22,2.3083122,0.3018273
2023-04-23,2.567788,0.2976183
2023-04-24,2.6976159,0.2926766
2023-04-25,2.617243,0.28803986
2023-04-26,2.720954,0.2843041
2023-04-27,2.2229512,0.2844638
2023-04-28,1.8584466,0.28833127
2023-04-29,1.8106031,0.29086193
2023-04-30,1.8845356,0.29000962
2023-05-01,2.071609,0.28907326
2023-05-02,2.1364632,0.28543308
2023-05-03,2.2039948,0.28190345
2023-05-04,2.1884003,0.27803245
2023-05-05,2.272043,0.27405128
2023-05-06,2.0215268,0.27058393
2023-05-07,1.8653307,0.27325678
2023-05-08,1.8863707,0.27393636
2023-05-09,1.8412118,0.27429348
2023-05-10,1.9079509,0.27046084
2023-05-11,2.0252295,0.26606396
2023-05-12,1.9694892,0.26338804
2023-05-13,2.1252117,0.26467663
2023-05-14,2.3653553,0.2653718
2023-05-15,2.5140083,0.2619907
2023-05-16,2.4618216,0.2579389
2023-05-17,2.321721,0.25538597
2023-05-18,2.0199492,0.25536507
2023-05-19,1.9021714,0.25724128
2023-05-20,1.8147427,0.25917023
2023-05-21,1.8428129,0.25826004
2023-05-22,1.8999914,0.25403
2023-05-23,2.0576434,0.25104582
2023-05-24,2.4381208,0.24651653
2023-05-25,2.7650433,0.23748814
2023-05-26,2.5897958,0.22958902
2023-05-27,2.535221,0.22226226
2023-05-28,2.2491996,0.22100365
2023-05-29,2.0532985,0.22094765
2023-05-30,2.120372,0.21775466
2023-05-31,2.2111514,0.21845187
2023-06-01,2.3151352,0.21932349
2023-06-02,2.4687552,0.21327938
2023-06-03,2.4620082,0.20877494
2023-06-04,1.7285292,0.21526252
2023-06-05,1.7261724,0.2188621
2023-06-06,1.7678263,0.21927874
2023-06-07,1.8322513,0.21834587
2023-06-08,1.8864033,0.21436425
2023-06-09,1.9603188,0.21075639
2023-06-10,2.040637,0.20769502
2023-06-11,1.9341159,0.20576471
2023-06-12,1.66531,0.2043999
2023-06-13,1.583629,0.20357375
2023-06-14,1.6390039,0.20210198
2023-06-15,1.8952719,0.19917555
2023-06-16,2.0705192,0.19407001
2023-06-17,2.0181694,0.18849482
2023-06-18,1.9309056,0.18577017
2023-06-19,1.8067983,0.18543985
2023-06-20,1.7870799,0.18703961
2023-06-21,1.964398,0.18781553
2023-06-22,2.1207433,0.18744306
2023-06-23,2.2378464,0.18698625
2023-06-24,2.2543797,0.18293828
2023-06-25,2.415864,0.17703933
2023-06-26,2.2342863,0.17332049
2023-06-27,2.1498394,0.1745495
2023-06-28,2.1550403,0.16909806
2023-06-29,1.9353733,0.16834514
2023-06-30,1.891076,0.1706549
2023-07-01,1.9856842,0.1691283
2023-07-02,2.0513566,0.16453378
2023-07-03,2.1983616,0.15996656
2023-07-04,2.285872,0.15576144
2023-07-05,2.2381144,0.15471439
2023-07-06,2.170799,0.15236115
2023-07-07,1.9371836,0.15213661
2023-07-08,1.4027526,0.15865202
2023-07-09,1.0320578,0.1735042
2023-07-10,1.1086245,0.18379289
2023-07-11,1.1653132,0.18333307
2023-07-12,1.1765099,0.18075824
2023-07-13,1.249144,0.17726867
2023-07-14,1.358024,0.17160419
2023-07-15,1.3224742,0.16889983
2023-07-16,1.369403,0.16665776
2023-07-17,1.4142026,0.16307516
2023-07-18,1.4458045,0.15898608
2023-07-19,1.4615716,0.1551188
2023-07-20,1.4345686,0.15149312
2023-07-21,1.39094,0.14818758
2023-07-22,1.3906039,0.14499229
2023-07-23,1.3580728,0.14148295
2023-07-24,1.3275357,0.14568461
2023-07-25,1.2620353,0.14441212
2023-07-26,1.1573162,0.14383867
2023-07-27,1.0379403,0.1455466
2023-07-28,0.8381302,0.16206115
2023-07-29,0.9067434,0.16050787
2023-07-30,0.9672704,0.1551984
2023-07-31,1.0264775,0.15383346
2023-08-01,1.0625169,0.15134707
2023-08-02,1.090867,0.14639297
2023-08-03,1.1238313,0.14077216
2023-08-04,1.1447974,0.13885301
2023-08-05,1.0670863,0.14106114
2023-08-06,1.0324674,0.13992384
2023-08-07,0.97004503,0.1372247
2023-08-08,0.9217284,0.13608164
2023-08-09,0.82017034,0.14145918
2023-08-10,0.78087556,0.1422346
2023-08-11,0.7645698,0.14195393
2023-08-12,0.77168345,0.14194724
2023-08-13,0.774705,0.14318259
2023-08-14,0.7603674,0.14636354
2023-08-15,0.7250315,0.14934376
2023-08-16,0.71567214,0.15202661
2023-08-17,0.72544146,0.15325232
2023-08-18,0.73366493,0.15464108
2023-08-19,0.7415875,0.15541154
2023-08-20,0.762316,0.15359294
2023-08-21,0.79288924,0.15256695
2023-08-22,0.80625874,0.15093605
2023-08-23,0.8338555,0.14863728
2023-08-24,0.9116682,0.14667077
2023-08-25,0.9874004,0.14464475
2023-08-26,0.9807819,0.14284699
2023-08-27,0.97201866,0.14444394
2023-08-28,0.99916,0.14341304
2023-08-29,0.9795746,0.14257038
2023-08-30,0.8488556,0.14447002
2023-08-31,0.8876541,0.14174186
2023-09-01,0.8611702,0.13923614
2023-09-02,0.75626147,0.14151134
2023-09-03,0.7610786,0.14600065
2023-09-04,0.6900766,0.14945133
2023-09-05,0.5880541,0.15230696
2023-09-06,0.5861868,0.15390748
2023-09-07,0.58987784,0.1555172
2023-09-08,0.5537285,0.15812181
2023-09-09,0.5805041,0.16006522
2023-09-10,0.5179512,0.16254424
2023-09-11,0.56732255,0.16343436
2023-09-12,0.6546861,0.16187638
2023-09-13,0.70497566,0.15896732
2023-09-14,0.657585,0.15529986
2023-09-15,0.66338104,0.15306222
2023-09-16,0.59347624,0.15247652
2023-09-17,0.5350112,0.1575978
2023-09-18,0.53953105,0.16162117
2023-09-19,0.5889419,0.16164714
2023-09-20,0.6966327,0.15941533
2023-09-21,0.77450514,0.15625596
2023-09-22,0.7418292,0.15238716
2023-09-23,0.7292993,0.14916316
2023-09-24,0.7193166,0.14756577
2023-09-25,0.56348443,0.15043235
2023-09-26,0.49638075,0.15598422
2023-09-27,0.4773008,0.15936013
2023-09-28,0.48031205,0.15880807
2023-09-29,0.48770702,0.1566056
2023-09-30,0.49728677,0.15553555
2023-10-01,0.51032853,0.15601315
2023-10-02,0.451309,0.1613637
2023-10-03,0.49883837,0.16788922
2023-10-04,0.5621247,0.1663722
2023-10-05,0.5659914,0.16292371
2023-10-06,0.5470364,0.16051708
2023-10-07,0.5141422,0.16084789
2023-10-08,0.48259163,0.16234164
2023-10-09,0.4112078,0.170194
2023-10-10,0.45864984,0.16979364
2023-10-11,0.4638965,0.17043264
2023-10-12,0.49561268,0.16923167
2023-10-13,0.5782892,0.16588679
2023-10-14,0.62787884,0.1636315
2023-10-15,0.6061837,0.16123965
2023-10-16,0.4090305,0.16661513
2023-10-17,0.43156338,0.1744244
2023-10-18,0.4625597,0.17384614
2023-10-19,0.4407069,0.1726144
2023-10-20,0.3994217,0.17303994
2023-10-21,0.48098776,0.17035665
2023-10-22,0.53668666,0.16566172
2023-10-23,0.5826379,0.16218479
2023-10-24,0.58826536,0.16075787
2023-10-25,0.49645838,0.16051121
2023-10-26,0.50704503,0.16139649
2023-10-27,0.52692556,0.16145381
2023-10-28,0.46278545,0.16345707
2023-10-29,0.56052125,0.16239512
2023-10-30,0.56870353,0.16090296
2023-10-31,0.53366256,0.15950806
2023-11-01,0.49334982,0.15939415
2023-11-02,0.5248685,0.16002165
2023-11-03,0.49948838,0.16221973
2023-11-04,0.45388612,0.16348761
2023-11-05,0.42575347,0.16749641
2023-11-06,0.48425967,0.17063627
2023-11-07,0.5762348,0.1708136
2023-11-08,0.53994864,0.16994435
2023-11-09,0.47655633,0.17194316
2023-11-10,0.50824624,0.1732417
2023-11-11,0.4750682,0.17819586
2023-11-12,0.42839122,0.18667436
2023-11-13,0.52270895,0.18851195
2023-11-14,0.51802385,0.19094291
2023-11-15,0.5881825,0.19324812
2023-11-16,0.5734251,0.19369967
2023-11-17,0.57889366,0.19543543
2023-11-18,0.52693653,0.20129336
2023-11-19,0.5410731,0.2282556
2023-11-20,0.5995129,0.24558344
2023-11-21,0.7742343,0.248806
2023-11-22,0.6873911,0.24621007
2023-11-23,0.61769086,0.24857429
2023-11-24,0.62675256,0.25183195
2023-11-25,0.6744583,0.2529684
2023-11-26,0.61182743,0.27341726
2023-11-27,0.6816168,0.3192778
2023-11-28,0.7280445,0.322002
2023-11-29,0.72797215,0.3277725
2023-11-30,0.79661816,0.325949
2023-12-01,0.77733475,0.32567856
2023-12-02,0.8750252,0.3261582
2023-12-03,0.8899022,0.32466823
2023-12-04,0.8572958,0.32405767
2023-12-05,0.93203056,0.3246163
2023-12-06,0.8595432,0.32243168
2023-12-07,0.82759416,0.32072994
2023-12-08,0.8363208,0.32101172
2023-12-09,0.8368408,0.32327613
2023-12-10,1.0143194,0.32939166
2023-12-11,1.1942768,0.33007273
2023-12-12,1.3201202,0.32960096
2023-12-13,1.2255875,0.3278505
2023-12-14,1.044945,0.32772633
2023-12-15,1.0019261,0.32715815
2023-12-16,0.97182095,0.33401528
2023-12-17,1.0799404,0.33990523
2023-12-18,1.2134237,0.3416003
2023-12-19,1.3813255,0.34228155
2023-12-20,1.3901807,0.34025243
2023-12-21,1.388097,0.3387943
2023-12-22,1.3497261,0.3380528
