time,dissolved_o2,primary_production
2022-06-01,281.69223,26.157421
2022-06-02,279.61392,25.50102
2022-06-03,278.3031,24.909336
2022-06-04,277.16263,23.227533
2022-06-05,274.47348,23.469288
2022-06-06,272.29395,22.8787
2022-06-07,270.77835,22.76049
2022-06-08,269.2447,23.75054
2022-06-09,267.3787,22.970852
2022-06-10,266.22958,23.745325
2022-06-11,264.7714,23.687307
2022-06-12,263.96613,21.937042
2022-06-13,262.80954,22.038136
2022-06-14,260.44742,24.004618
2022-06-15,259.34286,22.621618
2022-06-16,258.41483,23.699759
2022-06-17,258.01114,25.880718
2022-06-18,256.99142,26.250975
2022-06-19,256.0352,24.929386
2022-06-20,254.86089,25.972235
2022-06-21,254.23576,27.8672
2022-06-22,255.74615,24.042011
2022-06-23,258.4761,25.022125
2022-06-24,258.3484,25.675303
2022-06-25,257.59787,25.851332
2022-06-26,257.23193,26.023638
2022-06-27,256.86823,25.68884
2022-06-28,256.153,25.87637
2022-06-29,255.10844,28.063751
2022-06-30,254.56505,28.303522
2022-07-01,253.44537,27.694437
2022-07-02,252.81247,26.82862
2022-07-03,252.89696,25.29979
2022-07-04,252.00864,25.90887
2022-07-05,251.02176,27.373596
2022-07-06,249.79303,28.140564
2022-07-07,248.3764,27.070587
2022-07-08,246.83363,26.096329
2022-07-09,245.78401,27.752626
2022-07-10,245.95938,26.458046
2022-07-11,246.14125,25.23568
2022-07-12,245.83643,26.349312
2022-07-13,245.5745,27.82578
2022-07-14,245.22833,26.984903
2022-07-15,244.96667,27.376005
2022-07-16,244.64084,27.111015
2022-07-17,243.72728,26.732506
2022-07-18,244.62132,25.977665
2022-07-19,245.78204,25.702652
2022-07-20,245.42923,26.120998
2022-07-21,244.7191,25.620857
2022-07-22,244.43225,25.922132
2022-07-23,244.26622,25.884897
2022-07-24,243.82047,27.152468
2022-07-25,243.12086,26.71174
2022-07-26,242.59132,26.981539
2022-07-27,242.05435,27.773008
2022-07-28,241.68782,26.784225
2022-07-29,241.02954,25.571302
2022-07-30,240.03181,25.187222
2022-07-31,238.98505,24.988804
2022-08-01,238.06242,25.708504
2022-08-02,237.25844,26.095829
2022-08-03,236.7462,26.452547
2022-08-04,236.40489,27.572908
2022-08-05,236.16512,28.995861
2022-08-06,235.81415,27.71731
2022-08-07,235.94478,25.84572
2022-08-08,236.09985,26.02943
2022-08-09,235.77216,25.508741
2022-08-10,235.4915,25.44696
2022-08-11,235.85597,26.106031
2022-08-12,235.66515,27.194962
2022-08-13,235.50111,28.57811
2022-08-14,235.3965,27.634386
2022-08-15,235.09796,25.871264
2022-08-16,234.72906,26.056602
2022-08-17,234.16191,26.203897
2022-08-18,233.87482,25.756231
2022-08-19,233.36998,24.485287
2022-08-20,233.03564,24.017937
2022-08-21,232.61797,22.436262
2022-08-22,231.82611,21.75303
2022-08-23,231.16801,21.821579
2022-08-24,230.94766,21.562672
2022-08-25,231.01361,22.280876
2022-08-26,230.69693,23.447985
2022-08-27,230.4885,23.643614
2022-08-28,230.43558,25.185617
2022-08-29,230.3169,26.113878
2022-08-30,230.29292,25.842491
2022-08-31,229.88509,24.048384
2022-09-01,229.26003,24.275595
2022-09-02,230.62286,23.715418
2022-09-03,231.53572,24.141191
2022-09-04,232.84465,23.73726
2022-09-05,235.08301,22.930496
2022-09-06,237.3785,22.590977
2022-09-07,238.55171,22.24791
2022-09-08,238.63298,23.752821
2022-09-09,238.8684,24.276323
2022-09-10,239.40503,24.076931
2022-09-11,239.81871,23.555126
2022-09-12,239.97133,22.685553
2022-09-13,240.40271,22.315922
2022-09-14,241.47578,22.563873
2022-09-15,242.27412,23.964071
2022-09-16,243.00653,24.260448
2022-09-17,243.0158,23.47374
2022-09-18,242.82886,24.130564
2022-09-19,243.78981,24.467306
2022-09-20,244.13596,24.47706
2022-09-21,244.72714,22.902683
2022-09-22,245.2845,21.635984
2022-09-23,246.58646,21.414959
2022-09-24,247.75166,21.500132
2022-09-25,248.89061,21.460981
2022-09-26,249.38847,21.913816
2022-09-27,249.9481,21.87904
2022-09-28,250.44284,22.247196
2022-09-29,250.7721,21.563303
2022-09-30,250.87605,21.780445
2022-10-01,251.04842,21.817266
2022-10-02,250.82465,21.075792
2022-10-03,251.5555,21.55257
2022-10-04,251.7562,21.493965
2022-10-05,252.17001,20.332367
2022-10-06,252.85422,19.19782
2022-10-07,253.60263,19.24405
2022-10-08,254.13733,19.366781
2022-10-09,254.48782,18.889479
2022-10-10,255.69005,19.52691
2022-10-11,256.73584,19.135859
2022-10-12,257.2992,18.275051
2022-10-13,257.75623,18.172153
2022-10-14,258.34186,18.018122
2022-10-15,259.70605,17.862032
2022-10-16,260.5041,18.072618
2022-10-17,261.2402,17.71442
2022-10-18,262.14514,16.93369
2022-10-19,262.44098,17.40538
2022-10-20,263.26874,17.196016
2022-10-21,264.8836,17.427319
2022-10-22,265.1789,17.75115
2022-10-23,265.87576,18.635834
2022-10-24,266.79782,18.243685
2022-10-25,267.02426,18.479607
2022-10-26,267.27063,18.410156
2022-10-27,267.85266,17.878202
2022-10-28,268.30978,17.06258
2022-10-29,268.62265,16.949858
2022-10-30,268.73108,17.16025
2022-10-31,269.2175,17.389715
2022-11-01,270.30377,16.399353
2022-11-02,270.66476,16.444683
2022-11-03,270.99197,16.161152
2022-11-04,271.5345,15.687364
2022-11-05,271.63354,15.803031
2022-11-06,272.1243,15.669497
2022-11-07,272.9576,15.660042
2022-11-08,273.50122,15.45988
2022-11-09,273.90424,15.2114935
2022-11-10,274.29648,15.032313
2022-11-11,274.5841,14.574973
2022-11-12,274.77988,14.158068
2022-11-13,275.0744,14.603497
2022-11-14,275.51425,14.396707
2022-11-15,275.97037,14.188617
2022-11-16,276.44794,14.70695
2022-11-17,277.25745,14.7963295
2022-11-18,278.1873,14.470127
2022-11-19,278.86182,15.185024
2022-11-20,279.25024,14.394671
2022-11-21,279.5149,14.575133
2022-11-22,279.77356,14.718947
2022-11-23,280.086,14.494722
2022-11-24,280.53247,14.49125
2022-11-25,280.51572,14.387164
2022-11-26,281.19492,14.326922
2022-11-27,282.45618,14.250807
2022-11-28,282.96417,14.18418
2022-11-29,283.61078,14.119427
2022-11-30,284.18842,14.010576
2022-12-01,284.78073,13.911886
2022-12-02,285.32822,13.735536
2022-12-03,285.82388,13.677805
2022-12-04,286.48117,13.485453
2022-12-05,287.26852,13.398833
2022-12-06,287.88895,13.22989
2022-12-07,288.43066,13.428834
2022-12-08,289.12134,13.616264
2022-12-09,289.54745,14.155484
2022-12-10,289.83487,14.447104
2022-12-11,290.28806,14.3100195
2022-12-12,290.9343,14.688987
2022-12-13,291.1585,14.661381
2022-12-14,291.6457,14.582667
2022-12-15,292.22034,14.436612
2022-12-16,292.71472,14.323593
2022-12-17,293.30243,15.067793
2022-12-18,293.61917,14.692822
2022-12-19,293.77847,14.11754
2022-12-20,294.48184,14.025881
2022-12-21,294.92517,14.33288
2022-12-22,295.49054,14.286691
2022-12-23,296.16156,14.290953
2022-12-24,296.6379,14.27954
2022-12-25,296.65994,14.423425
2022-12-26,296.70184,13.828642
2022-12-27,297.30933,14.289342
2022-12-28,298.00723,14.425813
2022-12-29,298.65692,14.666089
2022-12-30,299.39322,14.9391165
2022-12-31,300.20197,14.533298
2023-01-01,300.61224,14.852661
2023-01-02,301.0886,15.471325
2023-01-03,301.4806,14.192909
2023-01-04,301.7483,13.081435
2023-01-05,301.72458,12.947881
2023-01-06,301.70358,11.173211
2023-01-07,302.14804,10.921933
2023-01-08,302.58426,11.234115
2023-01-09,302.80957,10.940586
2023-01-10,303.18225,10.435496
2023-01-11,303.79712,10.461404
2023-01-12,304.46503,9.808138
2023-01-13,304.99365,9.853521
2023-01-14,305.4313,9.672163
2023-01-15,305.73578,8.389671
2023-01-16,306.00745,8.899242
2023-01-17,306.47296,9.116661
2023-01-18,306.92328,9.055185
2023-01-19,307.34445,10.210502
2023-01-20,307.7494,8.747852
2023-01-21,308.08603,8.015068
2023-01-22,308.29672,7.036258
2023-01-23,308.50156,6.852784
2023-01-24,308.82797,6.715265
2023-01-25,309.0304,6.586728
2023-01-26,309.18335,6.3616414
2023-01-27,309.19,6.99998
2023-01-28,309.5599,6.850276
2023-01-29,309.53287,6.5925097
2023-01-30,309.63977,6.2780504
2023-01-31,310.02402,5.941915
2023-02-01,310.3822,6.2156425
2023-02-02,310.8362,7.030315
2023-02-03,310.94653,6.545649
2023-02-04,311.19055,6.127534
2023-02-05,310.51108,6.4189625
2023-02-06,308.17474,7.9160643
2023-02-07,305.11984,9.410561
2023-02-08,304.71793,10.374997
2023-02-09,305.07553,10.1101
2023-02-10,306.13037,8.2416935
2023-02-11,307.09564,7.7666097
2023-02-12,308.03867,7.7259088
2023-02-13,308.4251,8.860218
2023-02-14,309.53073,9.199909
2023-02-15,309.87704,7.776703
2023-02-16,311.03177,8.37218
2023-02-17,312.4163,10.712933
2023-02-18,313.64047,11.222012
2023-02-19,314.80298,10.792925
2023-02-20,315.4746,10.338935
2023-02-21,315.5893,12.363792
2023-02-22,316.633,11.266486
2023-02-23,317.18777,10.170677
2023-02-24,317.7686,12.795578
2023-02-25,318.97186,14.446708
2023-02-26,319.8889,14.874224
2023-02-27,320.9495,14.8347025
2023-02-28,321.8033,14.648298
2023-03-01,322.40002,15.536973
2023-03-02,323.04245,14.855415
2023-03-03,323.7134,14.7765665
2023-03-04,324.66318,14.129431
2023-03-05,325.2953,13.10925
2023-03-06,325.24976,11.963454
2023-03-07,325.6629,12.210455
2023-03-08,326.20996,12.102811
2023-03-09,326.59167,12.571502
2023-03-10,326.5745,11.121359
2023-03-11,326.0512,11.258882
2023-03-12,325.4554,11.633951
2023-03-13,325.13803,11.710359
2023-03-14,325.4034,11.118608
2023-03-15,325.89117,11.46769
2023-03-16,326.16858,11.13091
2023-03-17,325.80984,11.930593
2023-03-18,325.69937,11.801091
2023-03-19,325.70944,12.319574
2023-03-20,325.71008,12.41785
2023-03-21,325.9998,12.753245
2023-03-22,326.45486,14.92645
2023-03-23,326.8636,14.712204
2023-03-24,327.16617,14.003833
2023-03-25,327.07474,14.564726
2023-03-26,326.74146,14.475521
2023-03-27,326.39612,15.52138
2023-03-28,325.2191,15.386184
2023-03-29,324.13037,14.101997
2023-03-30,323.9787,14.203808
2023-03-31,324.26633,14.191655
2023-04-01,324.51392,13.863256
2023-04-02,324.39886,14.125968
2023-04-03,324.42447,14.431191
2023-04-04,324.32172,15.461326
2023-04-05,323.9809,15.886992
2023-04-06,323.55435,14.364221
2023-04-07,323.80182,14.4558935
2023-04-08,323.91656,13.251598
2023-04-09,323.96655,13.082634
2023-04-10,323.7886,13.319012
2023-04-11,322.58542,13.497762
2023-04-12,322.12134,12.6567545
2023-04-13,322.0795,12.745029
2023-04-14,321.84177,13.552871
2023-04-15,321.40198,14.533817
2023-04-16,320.76346,14.980723
2023-04-17,319.79034,13.012121
2023-04-18,319.0565,12.815021
2023-04-19,318.41248,13.600193
2023-04-20,317.76822,13.585411
2023-04-21,317.1072,13.729639
2023-04-22,316.59302,12.5633
2023-04-23,316.20148,11.983953
2023-04-24,315.67905,12.587883
2023-04-25,315.07248,12.661864
2023-04-26,314.00592,12.072796
2023-04-27,313.0152,11.655508
2023-04-28,312.32382,12.188027
2023-04-29,311.3555,12.217037
2023-04-30,310.88675,13.401104
2023-05-01,310.7638,13.6563225
2023-05-02,310.4842,14.159579
2023-05-03,310.12888,13.624395
2023-05-04,309.495,11.184582
2023-05-05,308.5135,11.3672905
2023-05-06,307.75558,12.736713
2023-05-07,306.7173,12.887271
2023-05-08,305.83948,12.462849
2023-05-09,305.13843,11.79055
2023-05-10,304.65253,11.7253
2023-05-11,304.24194,12.330352
2023-05-12,303.8904,12.2973385
2023-05-13,303.1763,13.013056
2023-05-14,302.42047,12.42949
2023-05-15,301.5159,13.731103
2023-05-16,300.43958,13.949795
2023-05-17,299.63797,13.063011
2023-05-18,298.49567,11.488882
2023-05-19,296.73215,10.754235
2023-05-20,295.0192,10.979207
2023-05-21,293.53015,11.53948
2023-05-22,292.36874,11.858953
2023-05-23,290.89334,12.295869
2023-05-24,289.50916,14.316277
2023-05-25,288.1419,16.63225
2023-05-26,286.65356,16.581432
2023-05-27,285.18295,15.879465
2023-05-28,284.78326,13.182479
2023-05-29,283.19727,12.93401
2023-05-30,281.1911,13.578541
2023-05-31,279.91702,13.613763
2023-06-01,278.25595,15.332269
