time,ph
2022-01-01,8.316492
2022-01-02,8.316336
2022-01-03,8.315991
2022-01-04,8.314793
2022-01-05,8.314948
2022-01-06,8.313359
2022-01-07,8.314301
2022-01-08,8.315558
2022-01-09,8.314638
2022-01-10,8.31501
2022-01-11,8.31669
2022-01-12,8.31437
2022-01-13,8.313986
2022-01-14,8.314626
2022-01-15,8.309147
2022-01-16,8.308423
2022-01-17,8.309369
2022-01-18,8.306755
2022-01-19,8.305984
2022-01-20,8.307127
2022-01-21,8.306757
2022-01-22,8.307737
2022-01-23,8.309241
2022-01-24,8.31065
2022-01-25,8.312505
2022-01-26,8.313786
2022-01-27,8.314532
2022-01-28,8.314426
2022-01-29,8.314463
2022-01-30,8.3159075
2022-01-31,8.314631
2022-02-01,8.313885
2022-02-02,8.313022
2022-02-03,8.313794
2022-02-04,8.315005
2022-02-05,8.312695
2022-02-06,8.3150015
2022-02-07,8.315548
2022-02-08,8.316127
2022-02-09,8.315269
2022-02-10,8.314405
2022-02-11,8.315312
2022-02-12,8.31569
2022-02-13,8.316441
2022-02-14,8.316228
2022-02-15,8.316188
2022-02-16,8.31878
2022-02-17,8.320867
2022-02-18,8.320093
2022-02-19,8.319955
2022-02-20,8.319737
2022-02-21,8.317651
2022-02-22,8.317656
2022-02-23,8.316613
2022-02-24,8.31771
2022-02-25,8.317218
2022-02-26,8.316394
2022-02-27,8.317253
2022-02-28,8.3182335
2022-03-01,8.316528
2022-03-02,8.316576
2022-03-03,8.316839
2022-03-04,8.313781
2022-03-05,8.3132715
2022-03-06,8.314808
2022-03-07,8.314353
2022-03-08,8.313609
2022-03-09,8.315829
2022-03-10,8.317847
2022-03-11,8.315223
2022-03-12,8.3137
2022-03-13,8.311921
2022-03-14,8.31184
2022-03-15,8.310512
2022-03-16,8.31166
2022-03-17,8.314401
2022-03-18,8.314507
2022-03-19,8.310757
2022-03-20,8.303163
2022-03-21,8.300064
2022-03-22,8.299543
2022-03-23,8.298329
2022-03-24,8.296211
2022-03-25,8.29726
2022-03-26,8.297191
2022-03-27,8.29713
2022-03-28,8.294637
2022-03-29,8.29726
2022-03-30,8.2949
2022-03-31,8.297525
2022-04-01,8.29994
2022-04-02,8.297961
2022-04-03,8.295663
2022-04-04,8.295929
2022-04-05,8.297113
2022-04-06,8.294138
2022-04-07,8.294392
2022-04-08,8.293022
2022-04-09,8.292274
2022-04-10,8.289162
2022-04-11,8.292293
2022-04-12,8.292095
2022-04-13,8.290912
2022-04-14,8.287625
2022-04-15,8.278013
2022-04-16,8.281013
2022-04-17,8.283643
2022-04-18,8.285616
2022-04-19,8.283235
2022-04-20,8.283668
2022-04-21,8.282262
2022-04-22,8.282188
2022-04-23,8.281107
2022-04-24,8.26974
2022-04-25,8.267389
2022-04-26,8.261766
2022-04-27,8.25948
2022-04-28,8.258631
2022-04-29,8.254933
2022-04-30,8.256758
2022-05-01,8.2585
2022-05-02,8.258854
2022-05-03,8.260285
2022-05-04,8.256831
2022-05-05,8.26083
2022-05-06,8.260195
2022-05-07,8.259191
2022-05-08,8.252658
2022-05-09,8.246257
2022-05-10,8.241885
2022-05-11,8.236878
2022-05-12,8.232093
2022-05-13,8.234845
2022-05-14,8.226786
2022-05-15,8.221474
2022-05-16,8.215537
2022-05-17,8.208123
2022-05-18,8.227706
2022-05-19,8.240781
2022-05-20,8.236994
2022-05-21,8.234738
2022-05-22,8.228951
2022-05-23,8.228041
2022-05-24,8.223471
2022-05-25,8.21473
2022-05-26,8.215522
2022-05-27,8.204464
2022-05-28,8.203523
2022-05-29,8.19997
2022-05-30,8.198182
2022-05-31,8.185417
2022-06-01,8.177819
2022-06-02,8.171763
2022-06-03,8.17939
2022-06-04,8.184751
2022-06-05,8.175536
2022-06-06,8.1763315
2022-06-07,8.177999
2022-06-08,8.174014
2022-06-09,8.16733
2022-06-10,8.164415
2022-06-11,8.16398
2022-06-12,8.169431
2022-06-13,8.169346
2022-06-14,8.1612215
2022-06-15,8.163559
2022-06-16,8.160005
2022-06-17,8.15756
2022-06-18,8.160425
2022-06-19,8.161265
2022-06-20,8.156249
2022-06-21,8.156606
2022-06-22,8.166558
2022-06-23,8.174038
2022-06-24,8.176437
2022-06-25,8.176957
2022-06-26,8.1771345
2022-06-27,8.178008
2022-06-28,8.17626
2022-06-29,8.170092
2022-06-30,8.167635
2022-07-01,8.165012
2022-07-02,8.166786
2022-07-03,8.169005
2022-07-04,8.16637
2022-07-05,8.162018
2022-07-06,8.159769
2022-07-07,8.15766
2022-07-08,8.156506
2022-07-09,8.152203
2022-07-10,8.159333
2022-07-11,8.165602
2022-07-12,8.163007
2022-07-13,8.164513
2022-07-14,8.168148
2022-07-15,8.166371
2022-07-16,8.1657295
2022-07-17,8.1648
2022-07-18,8.170883
2022-07-19,8.175823
2022-07-20,8.176939
2022-07-21,8.177259
2022-07-22,8.176536
2022-07-23,8.175867
2022-07-24,8.172993
2022-07-25,8.171051
2022-07-26,8.16943
2022-07-27,8.166946
2022-07-28,8.168433
2022-07-29,8.167485
2022-07-30,8.16604
2022-07-31,8.1639385
2022-08-01,8.162837
2022-08-02,8.161542
2022-08-03,8.162568
2022-08-04,8.1616745
2022-08-05,8.161252
2022-08-06,8.161666
2022-08-07,8.164412
2022-08-08,8.165559
2022-08-09,8.165828
2022-08-10,8.165979
2022-08-11,8.167299
2022-08-12,8.165962
2022-08-13,8.162578
2022-08-14,8.160946
2022-08-15,8.163345
2022-08-16,8.1666765
2022-08-17,8.163237
2022-08-18,8.162549
2022-08-19,8.164357
2022-08-20,8.1630945
2022-08-21,8.163549
2022-08-22,8.162259
2022-08-23,8.162146
2022-08-24,8.163535
2022-08-25,8.165127
2022-08-26,8.164509
2022-08-27,8.163666
2022-08-28,8.1612835
2022-08-29,8.161531
2022-08-30,8.164762
2022-08-31,8.165986
2022-09-01,8.16615
2022-09-02,8.171458
2022-09-03,8.174764
2022-09-04,8.181284
2022-09-05,8.190019
2022-09-06,8.198991
2022-09-07,8.205937
2022-09-08,8.208719
2022-09-09,8.210615
2022-09-10,8.211736
2022-09-11,8.210803
2022-09-12,8.211878
2022-09-13,8.216495
2022-09-14,8.220274
2022-09-15,8.221985
2022-09-16,8.221616
2022-09-17,8.219516
2022-09-18,8.219699
2022-09-19,8.224135
2022-09-20,8.2265215
2022-09-21,8.231356
2022-09-22,8.2355
2022-09-23,8.2400675
2022-09-24,8.244818
2022-09-25,8.248395
2022-09-26,8.250017
2022-09-27,8.25002
2022-09-28,8.2500725
2022-09-29,8.247907
2022-09-30,8.24575
2022-10-01,8.24352
2022-10-02,8.248438
2022-10-03,8.25115
2022-10-04,8.25378
2022-10-05,8.256666
2022-10-06,8.259351
2022-10-07,8.261572
2022-10-08,8.262733
2022-10-09,8.263697
2022-10-10,8.265205
2022-10-11,8.268676
2022-10-12,8.271489
2022-10-13,8.27409
2022-10-14,8.275796
2022-10-15,8.277378
2022-10-16,8.278527
2022-10-17,8.279856
2022-10-18,8.280658
2022-10-19,8.281336
2022-10-20,8.282983
2022-10-21,8.28676
2022-10-22,8.289478
2022-10-23,8.290881
2022-10-24,8.2913265
2022-10-25,8.2921
2022-10-26,8.292117
2022-10-27,8.292801
2022-10-28,8.294378
2022-10-29,8.296221
2022-10-30,8.297396
2022-10-31,8.298061
2022-11-01,8.299786
2022-11-02,8.301852
2022-11-03,8.302243
2022-11-04,8.303326
2022-11-05,8.304015
2022-11-06,8.304085
2022-11-07,8.30424
2022-11-08,8.305842
2022-11-09,8.307522
2022-11-10,8.309125
2022-11-11,8.309947
2022-11-12,8.310586
2022-11-13,8.311327
2022-11-14,8.312937
2022-11-15,8.314778
2022-11-16,8.315419
2022-11-17,8.315023
2022-11-18,8.313864
2022-11-19,8.313195
2022-11-20,8.312441
2022-11-21,8.311515
2022-11-22,8.311693
2022-11-23,8.312248
2022-11-24,8.311451
2022-11-25,8.311441
2022-11-26,8.311289
2022-11-27,8.311903
2022-11-28,8.31348
2022-11-29,8.314236
2022-11-30,8.314486
2022-12-01,8.314946
2022-12-02,8.315128
2022-12-03,8.315816
2022-12-04,8.316701
2022-12-05,8.317545
2022-12-06,8.318749
2022-12-07,8.319303
2022-12-08,8.31828
2022-12-09,8.318258
2022-12-10,8.318564
2022-12-11,8.318436
2022-12-12,8.316889
2022-12-13,8.31734
2022-12-14,8.319141
2022-12-15,8.320213
2022-12-16,8.319972
2022-12-17,8.319572
2022-12-18,8.3199215
2022-12-19,8.320563
2022-12-20,8.320367
2022-12-21,8.321622
2022-12-22,8.322368
2022-12-23,8.321482
2022-12-24,8.321984
2022-12-25,8.323173
2022-12-26,8.323848
2022-12-27,8.323652
2022-12-28,8.324217
2022-12-29,8.324854
2022-12-30,8.324962
2022-12-31,8.323912
2023-01-01,8.322947
2023-01-02,8.320942
2023-01-03,8.321083
2023-01-04,8.321664
2023-01-05,8.323528
2023-01-06,8.322798
2023-01-07,8.32237
2023-01-08,8.324159
2023-01-09,8.325792
2023-01-10,8.326865
2023-01-11,8.3253355
2023-01-12,8.322899
2023-01-13,8.321129
2023-01-14,8.319995
2023-01-15,8.318552
2023-01-16,8.319493
2023-01-17,8.322155
2023-01-18,8.321002
2023-01-19,8.319068
2023-01-20,8.317616
2023-01-21,8.3152
2023-01-22,8.315851
2023-01-23,8.317637
2023-01-24,8.31774
2023-01-25,8.317671
2023-01-26,8.317716
2023-01-27,8.318315
2023-01-28,8.318046
2023-01-29,8.318283
2023-01-30,8.314026
2023-01-31,8.312021
2023-02-01,8.312829
2023-02-02,8.31065
2023-02-03,8.308918
2023-02-04,8.310157
2023-02-05,8.315558
2023-02-06,8.30983
2023-02-07,8.300318
2023-02-08,8.296373
2023-02-09,8.29307
2023-02-10,8.2899685
2023-02-11,8.288667
2023-02-12,8.289716
2023-02-13,8.2913475
2023-02-14,8.289925
2023-02-15,8.291292
2023-02-16,8.288197
2023-02-17,8.285533
2023-02-18,8.283491
2023-02-19,8.281138
2023-02-20,8.284946
2023-02-21,8.284902
2023-02-22,8.279682
2023-02-23,8.281487
2023-02-24,8.283824
2023-02-25,8.282742
2023-02-26,8.280189
2023-02-27,8.276835
2023-02-28,8.277074
2023-03-01,8.276836
2023-03-02,8.277818
2023-03-03,8.2751875
2023-03-04,8.273948
2023-03-05,8.275505
2023-03-06,8.276157
2023-03-07,8.274431
2023-03-08,8.270298
2023-03-09,8.268234
2023-03-10,8.269102
2023-03-11,8.275224
2023-03-12,8.2778
2023-03-13,8.276459
2023-03-14,8.272944
2023-03-15,8.270441
2023-03-16,8.265811
2023-03-17,8.271998
2023-03-18,8.27153
2023-03-19,8.272317
2023-03-20,8.269278
2023-03-21,8.2629595
2023-03-22,8.260881
2023-03-23,8.257659
2023-03-24,8.254896
2023-03-25,8.261024
2023-03-26,8.261828
2023-03-27,8.263307
2023-03-28,8.273283
2023-03-29,8.278008
2023-03-30,8.278025
2023-03-31,8.276071
2023-04-01,8.273244
2023-04-02,8.268972
2023-04-03,8.263618
2023-04-04,8.269973
2023-04-05,8.271082
2023-04-06,8.269451
2023-04-07,8.262717
2023-04-08,8.257034
2023-04-09,8.254024
2023-04-10,8.259102
2023-04-11,8.265555
2023-04-12,8.261042
2023-04-13,8.256607
2023-04-14,8.250161
2023-04-15,8.246667
2023-04-16,8.246527
2023-04-17,8.249066
2023-04-18,8.243733
2023-04-19,8.236115
2023-04-20,8.236385
2023-04-21,8.238543
2023-04-22,8.237027
2023-04-23,8.222105
2023-04-24,8.219912
2023-04-25,8.226532
2023-04-26,8.224212
2023-04-27,8.231431
2023-04-28,8.240291
2023-04-29,8.240862
2023-04-30,8.237942
2023-05-01,8.230857
2023-05-02,8.225171
2023-05-03,8.221964
2023-05-04,8.222284
2023-05-05,8.214617
2023-05-06,8.221311
2023-05-07,8.225092
2023-05-08,8.22289
2023-05-09,8.222213
2023-05-10,8.219555
2023-05-11,8.2162285
2023-05-12,8.21986
2023-05-13,8.213496
2023-05-14,8.204769
2023-05-15,8.198407
2023-05-16,8.198613
2023-05-17,8.20162
2023-05-18,8.206247
2023-05-19,8.203342
2023-05-20,8.200021
2023-05-21,8.194928
2023-05-22,8.19021
2023-05-23,8.181556
2023-05-24,8.167015
2023-05-25,8.154625
2023-05-26,8.151271
2023-05-27,8.14835
2023-05-28,8.163522
2023-05-29,8.167341
2023-05-30,8.162979
2023-05-31,8.160752
2023-06-01,8.152483
2023-06-02,8.141532
2023-06-03,8.150592
2023-06-04,8.170745
2023-06-05,8.17039
2023-06-06,8.168259
2023-06-07,8.164282
2023-06-08,8.159069
2023-06-09,8.155037
2023-06-10,8.150473
2023-06-11,8.151324
2023-06-12,8.155991
2023-06-13,8.156085
2023-06-14,8.153264
2023-06-15,8.144821
2023-06-16,8.13615
2023-06-17,8.136918
2023-06-18,8.137323
2023-06-19,8.135805
2023-06-20,8.139493
2023-06-21,8.128085
2023-06-22,8.124145
2023-06-23,8.127539
2023-06-24,8.128502
2023-06-25,8.127376
2023-06-26,8.128476
2023-06-27,8.129585
2023-06-28,8.127573
2023-06-29,8.133266
2023-06-30,8.139955
2023-07-01,8.137848
2023-07-02,8.138459
2023-07-03,8.133303
2023-07-04,8.128386
2023-07-05,8.125062
2023-07-06,8.121692
2023-07-07,8.124463
2023-07-08,8.135738
2023-07-09,8.149729
2023-07-10,8.15686
2023-07-11,8.157035
2023-07-12,8.154138
2023-07-13,8.148378
2023-07-14,8.145892
2023-07-15,8.146772
2023-07-16,8.143694
2023-07-17,8.140621
2023-07-18,8.139074
2023-07-19,8.137627
2023-07-20,8.139825
2023-07-21,8.1382475
2023-07-22,8.134657
2023-07-23,8.134878
2023-07-24,8.14052
2023-07-25,8.143981
2023-07-26,8.146992
2023-07-27,8.147933
2023-07-28,8.161676
2023-07-29,8.158831
2023-07-30,8.157513
2023-07-31,8.154473
2023-08-01,8.149633
2023-08-02,8.145191
2023-08-03,8.141168
2023-08-04,8.141473
2023-08-05,8.145998
2023-08-06,8.14243
2023-08-07,8.145089
2023-08-08,8.145527
2023-08-09,8.151657
2023-08-10,8.152161
2023-08-11,8.15465
2023-08-12,8.156418
2023-08-13,8.156156
2023-08-14,8.156601
2023-08-15,8.159118
2023-08-16,8.159931
2023-08-17,8.159662
2023-08-18,8.160017
2023-08-19,8.158745
2023-08-20,8.154642
2023-08-21,8.152394
2023-08-22,8.149162
2023-08-23,8.147781
2023-08-24,8.149436
2023-08-25,8.150537
2023-08-26,8.154713
2023-08-27,8.157385
2023-08-28,8.157237
2023-08-29,8.156759
2023-08-30,8.161016
2023-08-31,8.1543045
2023-09-01,8.157857
2023-09-02,8.162238
2023-09-03,8.166037
2023-09-04,8.170298
2023-09-05,8.173217
2023-09-06,8.17625
2023-09-07,8.178798
2023-09-08,8.184292
2023-09-09,8.18925
2023-09-10,8.196516
2023-09-11,8.199714
2023-09-12,8.199244
2023-09-13,8.199474
2023-09-14,8.2010355
2023-09-15,8.2014
2023-09-16,8.204169
2023-09-17,8.207332
2023-09-18,8.209816
2023-09-19,8.209321
2023-09-20,8.205861
2023-09-21,8.202582
2023-09-22,8.204073
2023-09-23,8.204336
2023-09-24,8.205165
2023-09-25,8.208832
2023-09-26,8.211347
2023-09-27,8.21261
2023-09-28,8.212017
2023-09-29,8.21161
2023-09-30,8.211371
2023-10-01,8.213645
2023-10-02,8.218208
2023-10-03,8.221498
2023-10-04,8.22263
2023-10-05,8.224507
2023-10-06,8.226074
2023-10-07,8.22821
2023-10-08,8.231154
2023-10-09,8.236403
2023-10-10,8.23867
2023-10-11,8.242407
2023-10-12,8.245555
2023-10-13,8.2443495
2023-10-14,8.244969
2023-10-15,8.245284
2023-10-16,8.250572
2023-10-17,8.252935
2023-10-18,8.255118
2023-10-19,8.257886
2023-10-20,8.259735
2023-10-21,8.25666
2023-10-22,8.254653
2023-10-23,8.25355
2023-10-24,8.253765
2023-10-25,8.2572155
2023-10-26,8.256929
2023-10-27,8.25637
2023-10-28,8.256785
2023-10-29,8.252224
2023-10-30,8.252838
2023-10-31,8.253809
2023-11-01,8.254788
2023-11-02,8.254862
2023-11-03,8.256193
2023-11-04,8.257201
2023-11-05,8.25737
2023-11-06,8.25669
2023-11-07,8.254802
2023-11-08,8.256788
2023-11-09,8.259564
2023-11-10,8.261078
2023-11-11,8.2630825
2023-11-12,8.264232
2023-11-13,8.263595
2023-11-14,8.265176
2023-11-15,8.264627
2023-11-16,8.266488
2023-11-17,8.269474
2023-11-18,8.271925
2023-11-19,8.272707
2023-11-20,8.274283
2023-11-21,8.273597
2023-11-22,8.2762575
2023-11-23,8.278571
2023-11-24,8.279378
2023-11-25,8.278391
2023-11-26,8.277706
2023-11-27,8.27309
2023-11-28,8.274441
2023-11-29,8.274731
2023-11-30,8.273929
2023-12-01,8.274189
2023-12-02,8.271139
2023-12-03,8.270545
2023-12-04,8.272505
2023-12-05,8.272936
2023-12-06,8.276307
2023-12-07,8.278089
2023-12-08,8.2788105
2023-12-09,8.279559
2023-12-10,8.276155
2023-12-11,8.273276
2023-12-12,8.272394
2023-12-13,8.2747135
2023-12-14,8.278125
2023-12-15,8.279061
2023-12-16,8.278952
2023-12-17,8.278679
2023-12-18,8.277614
2023-12-19,8.275848
2023-12-20,8.277189
2023-12-21,8.278455
2023-12-22,8.27963
2023-12-23,8.279803
2023-12-24,8.279022
2023-12-25,8.2780905
2023-12-26,8.27614
2023-12-27,8.275232
2023-12-28,8.276809
2023-12-29,8.276046
2023-12-30,8.2734165
2023-12-31,8.273819
2024-01-01,8.285166
2024-01-02,8.28598
2024-01-03,8.287184
2024-01-04,8.287769
2024-01-05,8.286448
2024-01-06,8.285886
2024-01-07,8.285353
2024-01-08,8.284949
2024-01-09,8.285082
2024-01-10,8.285349
2024-01-11,8.285442
2024-01-12,8.28539
2024-01-13,8.285246
2024-01-14,8.284927
2024-01-15,8.285111
2024-01-16,8.2855425
2024-01-17,8.285517
2024-01-18,8.2855015
2024-01-19,8.285739
2024-01-20,8.286061
2024-01-21,8.286248
2024-01-22,8.285883
2024-01-23,8.285303
2024-01-24,8.284757
2024-01-25,8.284289
2024-01-26,8.284114
2024-01-27,8.28414
2024-01-28,8.284099
2024-01-29,8.284041
2024-01-30,8.283891
2024-01-31,8.283764
2024-02-01,8.2836275
2024-02-02,8.283366
2024-02-03,8.28296
2024-02-04,8.282424
2024-02-05,8.281777
2024-02-06,8.281232
2024-02-07,8.281008
2024-02-08,8.281025
2024-02-09,8.280895
2024-02-10,8.280637
2024-02-11,8.280529
2024-02-12,8.280426
2024-02-13,8.28009
2024-02-14,8.279434
2024-02-15,8.278602
2024-02-16,8.278003
2024-02-17,8.277576
2024-02-18,8.277163
2024-02-19,8.276665
2024-02-20,8.275793
2024-02-21,8.2748
2024-02-22,8.273857
2024-02-23,8.273125
2024-02-24,8.27215
2024-02-25,8.271058
2024-02-26,8.269985
2024-02-27,8.2688055
2024-02-28,8.26771
2024-02-29,8.26676
2024-03-01,8.2659855
2024-03-02,8.265344
2024-03-03,8.264645
2024-03-04,8.263775
2024-03-05,8.262864
2024-03-06,8.262052
2024-03-07,8.261411
2024-03-08,8.260649
2024-03-09,8.259635
2024-03-10,8.258445
2024-03-11,8.257399
2024-03-12,8.256718
2024-03-13,8.256415
2024-03-14,8.256149
2024-03-15,8.255654
2024-03-16,8.254807
2024-03-17,8.253677
2024-03-18,8.252516
2024-03-19,8.2515745
2024-03-20,8.250714
2024-03-21,8.249661
2024-03-22,8.24845
2024-03-23,8.247283
2024-03-24,8.246319
2024-03-25,8.245577
2024-03-26,8.24478
2024-03-27,8.243903
2024-03-28,8.243175
2024-03-29,8.242586
2024-03-30,8.241879
2024-03-31,8.241113
2024-04-01,8.240415
2024-04-02,8.239792
2024-04-03,8.239016
2024-04-04,8.2379875
2024-04-05,8.236948
2024-04-06,8.23612
2024-04-07,8.235508
2024-04-08,8.235156
2024-04-09,8.234773
2024-04-10,8.234173
2024-04-11,8.233553
2024-04-12,8.233038
2024-04-13,8.23249
2024-04-14,8.231852
2024-04-15,8.231149
2024-04-16,8.230429
2024-04-17,8.22973
2024-04-18,8.229212
2024-04-19,8.228691
2024-04-20,8.228113
2024-04-21,8.227438
2024-04-22,8.226582
2024-04-23,8.225671
2024-04-24,8.224886
2024-04-25,8.22429
2024-04-26,8.223954
2024-04-27,8.223583
2024-04-28,8.223133
2024-04-29,8.222629
2024-04-30,8.222176
2024-05-01,8.221732
2024-05-02,8.221357
2024-05-03,8.22093
2024-05-04,8.220355
2024-05-05,8.2197895
2024-05-06,8.219287
2024-05-07,8.21873
2024-05-08,8.218109
2024-05-09,8.21756
2024-05-10,8.217002
2024-05-11,8.216443
2024-05-12,8.215904
2024-05-13,8.215177
2024-05-14,8.21446
2024-05-15,8.213961
2024-05-16,8.213549
2024-05-17,8.213289
2024-05-18,8.213116
2024-05-19,8.212825
2024-05-20,8.212388
2024-05-21,8.212034
2024-05-22,8.211848
2024-05-23,8.211721
2024-05-24,8.211584
2024-05-25,8.211292
2024-05-26,8.210813
2024-05-27,8.210176
2024-05-28,8.209439
2024-05-29,8.2086735
2024-05-30,8.208055
2024-05-31,8.209374
2024-06-01,8.210702
2024-06-02,8.211753
2024-06-03,8.212664
2024-06-04,8.2133255
2024-06-05,8.213888
2024-06-06,8.214381
2024-06-07,8.214752
2024-06-08,8.214985
2024-06-09,8.215122
2024-06-10,8.215292
2024-06-11,8.215554
2024-06-12,8.215818
2024-06-13,8.21595
2024-06-14,8.216018
2024-06-15,8.216129
2024-06-16,8.2162695
2024-06-17,8.216327
2024-06-18,8.216307
2024-06-19,8.216332
2024-06-20,8.21647
2024-06-21,8.216702
2024-06-22,8.217004
2024-06-23,8.21723
2024-06-24,8.21744
2024-06-25,8.217593
2024-06-26,8.217593
2024-06-27,8.217535
2024-06-28,8.217428
2024-06-29,8.217355
2024-06-30,8.217299
2024-07-01,8.217333
2024-07-02,8.217412
2024-07-03,8.2176485
2024-07-04,8.217839
2024-07-05,8.217925
2024-07-06,8.218048
2024-07-07,8.218219
2024-07-08,8.218397
2024-07-09,8.218637
2024-07-10,8.218869
2024-07-11,8.219039
2024-07-12,8.219142
2024-07-13,8.219294
2024-07-14,8.21945
2024-07-15,8.219643
2024-07-16,8.219805
2024-07-17,8.2198925
2024-07-18,8.219956
2024-07-19,8.220028
2024-07-20,8.219997
2024-07-21,8.219927
2024-07-22,8.219862
2024-07-23,8.21984
2024-07-24,8.219932
2024-07-25,8.220118
2024-07-26,8.22031
2024-07-27,8.220566
2024-07-28,8.22088
2024-07-29,8.221193
2024-07-30,8.221466
2024-07-31,8.221662
2024-08-01,8.221861
2024-08-02,8.222037
2024-08-03,8.222218
2024-08-04,8.222468
2024-08-05,8.222667
2024-08-06,8.222912
2024-08-07,8.223266
2024-08-08,8.223698
2024-08-09,8.224116
2024-08-10,8.224504
2024-08-11,8.224992
2024-08-12,8.22548
2024-08-13,8.225962
2024-08-14,8.226466
2024-08-15,8.2269535
2024-08-16,8.227458
2024-08-17,8.227848
2024-08-18,8.22809
2024-08-19,8.22832
2024-08-20,8.228702
2024-08-21,8.229163
2024-08-22,8.229665
2024-08-23,8.230129
2024-08-24,8.230478
2024-08-25,8.230707
2024-08-26,8.230967
2024-08-27,8.231229
2024-08-28,8.231447
2024-08-29,8.231647
2024-08-30,8.231878
2024-08-31,8.232163
2024-09-01,8.232471
2024-09-02,8.232816
2024-09-03,8.233236
2024-09-04,8.233743
2024-09-05,8.234204
2024-09-06,8.234666
2024-09-07,8.235185
2024-09-08,8.235661
2024-09-09,8.236117
2024-09-10,8.236623
2024-09-11,8.237187
2024-09-12,8.237674
2024-09-13,8.238137
2024-09-14,8.238585
2024-09-15,8.238983
2024-09-16,8.23941
2024-09-17,8.239879
2024-09-18,8.240394
2024-09-19,8.240957
2024-09-20,8.241605
2024-09-21,8.242251
2024-09-22,8.242832
2024-09-23,8.24333
2024-09-24,8.243825
2024-09-25,8.244373
2024-09-26,8.244966
2024-09-27,8.245572
2024-09-28,8.246163
2024-09-29,8.2467575
2024-09-30,8.246612
2024-10-01,8.246704
2024-10-02,8.246895
2024-10-03,8.247393
2024-10-04,8.247887
2024-10-05,8.248309
2024-10-06,8.248758
2024-10-07,8.249032
2024-10-08,8.249246
2024-10-09,8.249467
2024-10-10,8.249694
2024-10-11,8.249933
2024-10-12,8.250246
2024-10-13,8.250571
2024-10-14,8.250984
2024-10-15,8.251256
2024-10-16,8.251298
2024-10-17,8.2513075
2024-10-18,8.251411
2024-10-19,8.251685
2024-10-20,8.251947
2024-10-21,8.252254
2024-10-22,8.252634
2024-10-23,8.252997
2024-10-24,8.253134
2024-10-25,8.2532015
2024-10-26,8.253166
2024-10-27,8.253109
2024-10-28,8.2532425
2024-10-29,8.253314
2024-10-30,8.253298
2024-10-31,8.25332
2024-11-01,8.253491
2024-11-02,8.253691
2024-11-03,8.25393
2024-11-04,8.254236
2024-11-05,8.254416
2024-11-06,8.25453
2024-11-07,8.254711
2024-11-08,8.255086
2024-11-09,8.255509
2024-11-10,8.256126
2024-11-11,8.25675
2024-11-12,8.257179
2024-11-13,8.257554
2024-11-14,8.257871
2024-11-15,8.258083
2024-11-16,8.258247
2024-11-17,8.258368
2024-11-18,8.258466
2024-11-19,8.258728
2024-11-20,8.258991
2024-11-21,8.259265
2024-11-22,8.259567
2024-11-23,8.259952
2024-11-24,8.260273
2024-11-25,8.260375
2024-11-26,8.260326
2024-11-27,8.260089
2024-11-28,8.259798
2024-11-29,8.2597685
2024-11-30,8.259944
2024-12-01,8.260149
2024-12-02,8.260362
2024-12-03,8.260669
2024-12-04,8.260778
2024-12-05,8.260769
2024-12-06,8.26084
2024-12-07,8.261104
2024-12-08,8.261334
2024-12-09,8.261379
2024-12-10,8.261365
2024-12-11,8.261416
2024-12-12,8.26136
2024-12-13,8.261203
2024-12-14,8.261121
2024-12-15,8.261012
2024-12-16,8.260891
2024-12-17,8.260815
2024-12-18,8.260578
2024-12-19,8.26019
2024-12-20,8.259876
2024-12-21,8.259557
2024-12-22,8.259321
2024-12-23,8.259318
2024-12-24,8.259401
2024-12-25,8.259199
2024-12-26,8.25871
2024-12-27,8.258661
2024-12-28,8.258794
2024-12-29,8.258852
2024-12-30,8.25889
2024-12-31,8.258797
