time,salinity_psu
2021-01-01,18.498812
2021-01-02,18.497107
2021-01-03,18.499231
2021-01-04,18.498491
2021-01-05,18.497162
2021-01-06,18.495749
2021-01-07,18.497147
2021-01-08,18.497303
2021-01-09,18.493063
2021-01-10,18.490177
2021-01-11,18.488846
2021-01-12,18.476908
2021-01-13,18.493635
2021-01-14,18.489231
2021-01-15,18.49119
2021-01-16,18.492872
2021-01-17,18.504465
2021-01-18,18.508188
2021-01-19,18.509377
2021-01-20,18.50698
2021-01-21,18.515059
2021-01-22,18.515743
2021-01-23,18.51135
2021-01-24,18.511385
2021-01-25,18.511547
2021-01-26,18.514294
2021-01-27,18.515568
2021-01-28,18.52551
2021-01-29,18.525179
2021-01-30,18.520676
2021-01-31,18.528976
2021-02-01,18.528097
2021-02-02,18.533918
2021-02-03,18.527252
2021-02-04,18.53022
2021-02-05,18.53449
2021-02-06,18.537848
2021-02-07,18.537304
2021-02-08,18.525372
2021-02-09,18.53336
2021-02-10,18.531616
2021-02-11,18.526318
2021-02-12,18.533976
2021-02-13,18.541664
2021-02-14,18.548412
2021-02-15,18.54716
2021-02-16,18.549553
2021-02-17,18.550407
2021-02-18,18.550665
2021-02-19,18.556982
2021-02-20,18.562872
2021-02-21,18.556192
2021-02-22,18.547083
2021-02-23,18.54048
2021-02-24,18.54313
2021-02-25,18.539597
2021-02-26,18.528324
2021-02-27,18.52416
2021-02-28,18.532928
2021-03-01,18.529428
2021-03-02,18.53037
2021-03-03,18.532978
2021-03-04,18.529083
2021-03-05,18.52396
2021-03-06,18.535034
2021-03-07,18.540468
2021-03-08,18.534946
2021-03-09,18.533554
2021-03-10,18.535107
2021-03-11,18.53994
2021-03-12,18.546612
2021-03-13,18.53935
2021-03-14,18.520144
2021-03-15,18.51453
2021-03-16,18.510612
2021-03-17,18.506037
2021-03-18,18.507244
2021-03-19,18.50326
2021-03-20,18.493984
2021-03-21,18.490967
2021-03-22,18.489798
2021-03-23,18.49616
2021-03-24,18.495815
2021-03-25,18.492601
2021-03-26,18.489233
2021-03-27,18.48304
2021-03-28,18.472496
2021-03-29,18.47873
2021-03-30,18.473888
2021-03-31,18.471619
2021-04-01,18.463985
2021-04-02,18.454496
2021-04-03,18.451483
2021-04-04,18.4443
2021-04-05,18.446285
2021-04-06,18.444664
2021-04-07,18.441727
2021-04-08,18.444376
2021-04-09,18.44336
2021-04-10,18.439333
2021-04-11,18.437645
2021-04-12,18.433346
2021-04-13,18.423803
2021-04-14,18.41889
2021-04-15,18.41978
2021-04-16,18.412476
2021-04-17,18.400038
2021-04-18,18.398867
2021-04-19,18.38764
2021-04-20,18.381086
2021-04-21,18.377966
2021-04-22,18.367561
2021-04-23,18.362103
2021-04-24,18.363361
2021-04-25,18.355227
2021-04-26,18.352203
2021-04-27,18.352932
2021-04-28,18.358673
2021-04-29,18.353302
2021-04-30,18.346548
2021-05-01,18.344028
2021-05-02,18.342676
2021-05-03,18.344986
2021-05-04,18.354555
2021-05-05,18.360641
2021-05-06,18.35468
2021-05-07,18.345768
2021-05-08,18.353537
2021-05-09,18.354612
2021-05-10,18.35171
2021-05-11,18.352901
2021-05-12,18.352453
2021-05-13,18.33923
2021-05-14,18.331953
2021-05-15,18.319656
2021-05-16,18.314957
2021-05-17,18.312637
2021-05-18,18.312696
2021-05-19,18.324965
2021-05-20,18.324392
2021-05-21,18.332043
2021-05-22,18.32973
2021-05-23,18.316965
2021-05-24,18.318457
2021-05-25,18.326956
2021-05-26,18.322165
2021-05-27,18.324076
2021-05-28,18.32216
2021-05-29,18.317068
2021-05-30,18.31253
2021-05-31,18.30324
2021-06-01,18.300255
2021-06-02,18.29461
2021-06-03,18.29869
2021-06-04,18.315409
2021-06-05,18.31252
2021-06-06,18.302336
2021-06-07,18.297028
2021-06-08,18.281607
2021-06-09,18.277493
2021-06-10,18.27429
2021-06-11,18.271421
2021-06-12,18.265223
2021-06-13,18.259203
2021-06-14,18.268764
2021-06-15,18.261395
2021-06-16,18.256603
2021-06-17,18.249437
2021-06-18,18.237219
2021-06-19,18.22982
2021-06-20,18.230877
2021-06-21,18.222914
2021-06-22,18.208523
2021-06-23,18.198256
2021-06-24,18.188627
2021-06-25,18.180119
2021-06-26,18.178974
2021-06-27,18.188684
2021-06-28,18.185717
2021-06-29,18.180784
2021-06-30,18.173798
2021-07-01,18.177977
2021-07-02,18.169592
2021-07-03,18.174126
2021-07-04,18.155636
2021-07-05,18.147764
2021-07-06,18.146984
2021-07-07,18.15505
2021-07-08,18.165695
2021-07-09,18.180988
2021-07-10,18.190493
2021-07-11,18.196692
2021-07-12,18.193441
2021-07-13,18.194618
2021-07-14,18.202135
2021-07-15,18.20451
2021-07-16,18.214384
2021-07-17,18.219826
2021-07-18,18.220947
2021-07-19,18.221191
2021-07-20,18.22771
2021-07-21,18.235085
2021-07-22,18.241924
2021-07-23,18.255726
2021-07-24,18.257603
2021-07-25,18.263666
2021-07-26,18.261822
2021-07-27,18.256704
2021-07-28,18.250488
2021-07-29,18.246084
2021-07-30,18.250614
2021-07-31,18.250435
2021-08-01,18.241564
2021-08-02,18.24768
2021-08-03,18.23385
2021-08-04,18.23753
2021-08-05,18.229425
2021-08-06,18.231941
2021-08-07,18.232206
2021-08-08,18.245407
2021-08-09,18.24003
2021-08-10,18.237848
2021-08-11,18.232035
2021-08-12,18.234926
2021-08-13,18.252405
2021-08-14,18.257362
2021-08-15,18.258404
2021-08-16,18.256893
2021-08-17,18.253353
2021-08-18,18.24934
2021-08-19,18.264185
2021-08-20,18.276653
2021-08-21,18.286583
2021-08-22,18.288704
2021-08-23,18.284847
2021-08-24,18.284475
2021-08-25,18.299866
2021-08-26,18.294296
2021-08-27,18.288437
2021-08-28,18.286146
2021-08-29,18.285646
2021-08-30,18.287159
2021-08-31,18.305489
2021-09-01,18.308006
2021-09-02,18.321327
2021-09-03,18.33509
2021-09-04,18.332825
2021-09-05,18.336262
2021-09-06,18.349955
2021-09-07,18.36041
2021-09-08,18.3829
2021-09-09,18.390251
2021-09-10,18.39598
2021-09-11,18.393524
2021-09-12,18.405338
2021-09-13,18.402428
2021-09-14,18.392065
2021-09-15,18.39065
2021-09-16,18.378546
2021-09-17,18.377916
2021-09-18,18.375237
2021-09-19,18.369894
2021-09-20,18.373497
2021-09-21,18.380163
2021-09-22,18.377552
2021-09-23,18.378244
2021-09-24,18.36677
2021-09-25,18.365332
2021-09-26,18.373676
2021-09-27,18.371119
2021-09-28,18.40516
2021-09-29,18.412956
2021-09-30,18.430857
2021-10-01,18.438301
2021-10-02,18.429892
2021-10-03,18.424458
2021-10-04,18.41874
2021-10-05,18.421879
2021-10-06,18.425869
2021-10-07,18.431229
2021-10-08,18.43127
2021-10-09,18.430862
2021-10-10,18.431875
2021-10-11,18.426723
2021-10-12,18.422869
2021-10-13,18.425667
2021-10-14,18.439785
2021-10-15,18.439003
2021-10-16,18.436604
2021-10-17,18.4359
2021-10-18,18.438662
2021-10-19,18.439133
2021-10-20,18.426779
2021-10-21,18.424606
2021-10-22,18.42469
2021-10-23,18.41803
2021-10-24,18.43395
2021-10-25,18.440388
2021-10-26,18.443892
2021-10-27,18.43879
2021-10-28,18.427387
2021-10-29,18.426325
2021-10-30,18.430748
2021-10-31,18.429111
2021-11-01,18.433708
2021-11-02,18.428694
2021-11-03,18.427128
2021-11-04,18.42377
2021-11-05,18.42099
2021-11-06,18.419325
2021-11-07,18.42948
2021-11-08,18.424873
2021-11-09,18.42977
2021-11-10,18.446087
2021-11-11,18.4598
2021-11-12,18.456
2021-11-13,18.442747
2021-11-14,18.44057
2021-11-15,18.43887
2021-11-16,18.452703
2021-11-17,18.46121
2021-11-18,18.456877
2021-11-19,18.461046
2021-11-20,18.456272
2021-11-21,18.462301
2021-11-22,18.456827
2021-11-23,18.453957
2021-11-24,18.46246
2021-11-25,18.456568
2021-11-26,18.452768
2021-11-27,18.45344
2021-11-28,18.444935
2021-11-29,18.454872
2021-11-30,18.46187
2021-12-01,18.475554
2021-12-02,18.47671
2021-12-03,18.466028
2021-12-04,18.459417
2021-12-05,18.45549
2021-12-06,18.452772
2021-12-07,18.449121
2021-12-08,18.443892
2021-12-09,18.445974
2021-12-10,18.4466
2021-12-11,18.452806
2021-12-12,18.453676
2021-12-13,18.44415
2021-12-14,18.44487
2021-12-15,18.439276
2021-12-16,18.442125
2021-12-17,18.439795
2021-12-18,18.441654
2021-12-19,18.442974
2021-12-20,18.442726
2021-12-21,18.445093
2021-12-22,18.449669
2021-12-23,18.4469
2021-12-24,18.447405
2021-12-25,18.457333
2021-12-26,18.455765
2021-12-27,18.454084
2021-12-28,18.449331
2021-12-29,18.450415
2021-12-30,18.449701
2021-12-31,18.44824
2022-01-01,18.440245
2022-01-02,18.435007
2022-01-03,18.437271
2022-01-04,18.433685
2022-01-05,18.431412
2022-01-06,18.42436
2022-01-07,18.422598
2022-01-08,18.4251
2022-01-09,18.42258
2022-01-10,18.427998
2022-01-11,18.433176
2022-01-12,18.45363
2022-01-13,18.457514
2022-01-14,18.46703
2022-01-15,18.479473
2022-01-16,18.480276
2022-01-17,18.475668
2022-01-18,18.488695
2022-01-19,18.494001
2022-01-20,18.491144
2022-01-21,18.488523
2022-01-22,18.489027
2022-01-23,18.48816
2022-01-24,18.504604
2022-01-25,18.499132
2022-01-26,18.492537
2022-01-27,18.49068
2022-01-28,18.484089
2022-01-29,18.484455
2022-01-30,18.477194
2022-01-31,18.473036
2022-02-01,18.469612
2022-02-02,18.462132
2022-02-03,18.466967
2022-02-04,18.475567
2022-02-05,18.480669
2022-02-06,18.482658
2022-02-07,18.489946
2022-02-08,18.492624
2022-02-09,18.503212
2022-02-10,18.497416
2022-02-11,18.498873
2022-02-12,18.496262
2022-02-13,18.511873
2022-02-14,18.50774
2022-02-15,18.505209
2022-02-16,18.496479
2022-02-17,18.491253
2022-02-18,18.492638
2022-02-19,18.494947
2022-02-20,18.48783
2022-02-21,18.483864
2022-02-22,18.479464
2022-02-23,18.471487
2022-02-24,18.471188
2022-02-25,18.480042
2022-02-26,18.482885
2022-02-27,18.487188
2022-02-28,18.487986
2022-03-01,18.487823
2022-03-02,18.478106
2022-03-03,18.481964
2022-03-04,18.481195
2022-03-05,18.482527
2022-03-06,18.48239
2022-03-07,18.479277
2022-03-08,18.472248
2022-03-09,18.46657
2022-03-10,18.471943
2022-03-11,18.481369
2022-03-12,18.482204
2022-03-13,18.493067
2022-03-14,18.486813
2022-03-15,18.476372
2022-03-16,18.473827
2022-03-17,18.488506
2022-03-18,18.4929
2022-03-19,18.505972
2022-03-20,18.518892
2022-03-21,18.519075
2022-03-22,18.516558
2022-03-23,18.521223
2022-03-24,18.507765
2022-03-25,18.512798
2022-03-26,18.505245
2022-03-27,18.502645
2022-03-28,18.49682
2022-03-29,18.484093
2022-03-30,18.473467
2022-03-31,18.468033
2022-04-01,18.471195
2022-04-02,18.477169
2022-04-03,18.464197
2022-04-04,18.462376
2022-04-05,18.44337
2022-04-06,18.45453
2022-04-07,18.44733
2022-04-08,18.447708
2022-04-09,18.441092
2022-04-10,18.444061
2022-04-11,18.451197
2022-04-12,18.477488
2022-04-13,18.467384
2022-04-14,18.460058
2022-04-15,18.441444
2022-04-16,18.439692
2022-04-17,18.439266
2022-04-18,18.463457
2022-04-19,18.458935
2022-04-20,18.457436
2022-04-21,18.447784
2022-04-22,18.45811
2022-04-23,18.45454
2022-04-24,18.439144
2022-04-25,18.422537
2022-04-26,18.415802
2022-04-27,18.40857
2022-04-28,18.402763
2022-04-29,18.396654
2022-04-30,18.407454
2022-05-01,18.402433
2022-05-02,18.406784
2022-05-03,18.403044
2022-05-04,18.38234
2022-05-05,18.385084
2022-05-06,18.418299
2022-05-07,18.419092
2022-05-08,18.423605
2022-05-09,18.406626
2022-05-10,18.403425
2022-05-11,18.389034
2022-05-12,18.37468
2022-05-13,18.366934
2022-05-14,18.357483
2022-05-15,18.353897
2022-05-16,18.358849
2022-05-17,18.347616
2022-05-18,18.382511
2022-05-19,18.417753
2022-05-20,18.41589
2022-05-21,18.40249
2022-05-22,18.402082
2022-05-23,18.398191
2022-05-24,18.384249
2022-05-25,18.36897
2022-05-26,18.364609
2022-05-27,18.357775
2022-05-28,18.345295
2022-05-29,18.335102
2022-05-30,18.34891
2022-05-31,18.33775
2022-06-01,18.34121
2022-06-02,18.331373
2022-06-03,18.32577
2022-06-04,18.3457
2022-06-05,18.356457
2022-06-06,18.364132
2022-06-07,18.387053
2022-06-08,18.38538
2022-06-09,18.368156
2022-06-10,18.36115
2022-06-11,18.35961
2022-06-12,18.367311
2022-06-13,18.395426
2022-06-14,18.393948
2022-06-15,18.403685
2022-06-16,18.39813
2022-06-17,18.386791
2022-06-18,18.389784
2022-06-19,18.399313
2022-06-20,18.394024
2022-06-21,18.375618
2022-06-22,18.397493
2022-06-23,18.400045
2022-06-24,18.399847
2022-06-25,18.396826
2022-06-26,18.386362
2022-06-27,18.379356
2022-06-28,18.37808
2022-06-29,18.375393
2022-06-30,18.366348
2022-07-01,18.359324
2022-07-02,18.363173
2022-07-03,18.375061
2022-07-04,18.363834
2022-07-05,18.352175
2022-07-06,18.348673
2022-07-07,18.360605
2022-07-08,18.377975
2022-07-09,18.39119
2022-07-10,18.390514
2022-07-11,18.386784
2022-07-12,18.388384
2022-07-13,18.383577
2022-07-14,18.382261
2022-07-15,18.374018
2022-07-16,18.372692
2022-07-17,18.37876
2022-07-18,18.399744
2022-07-19,18.421339
2022-07-20,18.42572
2022-07-21,18.431704
2022-07-22,18.433859
2022-07-23,18.439095
2022-07-24,18.43591
2022-07-25,18.432732
2022-07-26,18.431736
2022-07-27,18.428015
2022-07-28,18.425028
2022-07-29,18.426039
2022-07-30,18.431196
2022-07-31,18.420858
2022-08-01,18.415318
2022-08-02,18.409393
2022-08-03,18.413586
2022-08-04,18.41329
2022-08-05,18.408735
2022-08-06,18.409912
2022-08-07,18.422379
2022-08-08,18.444231
2022-08-09,18.458666
2022-08-10,18.469137
2022-08-11,18.479767
2022-08-12,18.476967
2022-08-13,18.472685
2022-08-14,18.468363
2022-08-15,18.45784
2022-08-16,18.45227
2022-08-17,18.442097
2022-08-18,18.449917
2022-08-19,18.457113
2022-08-20,18.456322
2022-08-21,18.459839
2022-08-22,18.444248
2022-08-23,18.44552
2022-08-24,18.461042
2022-08-25,18.477945
2022-08-26,18.49481
2022-08-27,18.494272
2022-08-28,18.498306
2022-08-29,18.492273
2022-08-30,18.490286
2022-08-31,18.495651
2022-09-01,18.512753
2022-09-02,18.528158
2022-09-03,18.544573
2022-09-04,18.547102
2022-09-05,18.5683
2022-09-06,18.574978
2022-09-07,18.580545
2022-09-08,18.576517
2022-09-09,18.571629
2022-09-10,18.57313
2022-09-11,18.556938
2022-09-12,18.559986
2022-09-13,18.555698
2022-09-14,18.554731
2022-09-15,18.548153
2022-09-16,18.540615
2022-09-17,18.534857
2022-09-18,18.538784
2022-09-19,18.556572
2022-09-20,18.557608
2022-09-21,18.570398
2022-09-22,18.567684
2022-09-23,18.571657
2022-09-24,18.569563
2022-09-25,18.565624
2022-09-26,18.562838
2022-09-27,18.561012
2022-09-28,18.5527
2022-09-29,18.54838
2022-09-30,18.542772
2022-10-01,18.539997
2022-10-02,18.544996
2022-10-03,18.553076
2022-10-04,18.549675
2022-10-05,18.55323
2022-10-06,18.55395
2022-10-07,18.55834
2022-10-08,18.564198
2022-10-09,18.565071
2022-10-10,18.569656
2022-10-11,18.569418
2022-10-12,18.57047
2022-10-13,18.556412
2022-10-14,18.562035
2022-10-15,18.57171
2022-10-16,18.575321
2022-10-17,18.588129
2022-10-18,18.590277
2022-10-19,18.58218
2022-10-20,18.585464
2022-10-21,18.582827
2022-10-22,18.581326
2022-10-23,18.566622
2022-10-24,18.563372
2022-10-25,18.562424
2022-10-26,18.562206
2022-10-27,18.57267
2022-10-28,18.57265
2022-10-29,18.57601
2022-10-30,18.572817
2022-10-31,18.567091
2022-11-01,18.57087
2022-11-02,18.560114
2022-11-03,18.560614
2022-11-04,18.560905
2022-11-05,18.563133
2022-11-06,18.576035
2022-11-07,18.581226
2022-11-08,18.574894
2022-11-09,18.573675
2022-11-10,18.571293
2022-11-11,18.567879
2022-11-12,18.56912
2022-11-13,18.567993
2022-11-14,18.56926
2022-11-15,18.570137
2022-11-16,18.56282
2022-11-17,18.558552
2022-11-18,18.553654
2022-11-19,18.553402
2022-11-20,18.564678
2022-11-21,18.561428
2022-11-22,18.564075
2022-11-23,18.565596
2022-11-24,18.560314
2022-11-25,18.558205
2022-11-26,18.568262
2022-11-27,18.568485
2022-11-28,18.566154
2022-11-29,18.569536
2022-11-30,18.571865
2022-12-01,18.57333
2022-12-02,18.572836
2022-12-03,18.571976
2022-12-04,18.581303
2022-12-05,18.584805
2022-12-06,18.585749
2022-12-07,18.581104
2022-12-08,18.564342
2022-12-09,18.558517
2022-12-10,18.556807
2022-12-11,18.561289
2022-12-12,18.566286
2022-12-13,18.566845
2022-12-14,18.57717
2022-12-15,18.573454
2022-12-16,18.571918
2022-12-17,18.5672
2022-12-18,18.570549
2022-12-19,18.575268
2022-12-20,18.565672
2022-12-21,18.563124
2022-12-22,18.560913
2022-12-23,18.55483
2022-12-24,18.551256
2022-12-25,18.550493
2022-12-26,18.55985
2022-12-27,18.557892
2022-12-28,18.563423
2022-12-29,18.560173
2022-12-30,18.555593
2022-12-31,18.549849
2023-01-01,18.541695
2023-01-02,18.5353
2023-01-03,18.536015
2023-01-04,18.539091
2023-01-05,18.553627
2023-01-06,18.558943
2023-01-07,18.558153
2023-01-08,18.55747
2023-01-09,18.56359
2023-01-10,18.569626
2023-01-11,18.564962
2023-01-12,18.566158
2023-01-13,18.563036
2023-01-14,18.560469
2023-01-15,18.556126
2023-01-16,18.553595
2023-01-17,18.55814
2023-01-18,18.561087
2023-01-19,18.56744
2023-01-20,18.564497
2023-01-21,18.564278
2023-01-22,18.562332
2023-01-23,18.56112
2023-01-24,18.558006
2023-01-25,18.556784
2023-01-26,18.556915
2023-01-27,18.56163
2023-01-28,18.561735
2023-01-29,18.562227
2023-01-30,18.56021
2023-01-31,18.560978
2023-02-01,18.557373
2023-02-02,18.55611
2023-02-03,18.557144
2023-02-04,18.561064
2023-02-05,18.56959
2023-02-06,18.583963
2023-02-07,18.596212
2023-02-08,18.602722
2023-02-09,18.605844
2023-02-10,18.602486
2023-02-11,18.595491
2023-02-12,18.601238
2023-02-13,18.608091
2023-02-14,18.605734
2023-02-15,18.610077
2023-02-16,18.611713
2023-02-17,18.60769
2023-02-18,18.60116
2023-02-19,18.593771
2023-02-20,18.594576
2023-02-21,18.600794
2023-02-22,18.600668
2023-02-23,18.596252
2023-02-24,18.593685
2023-02-25,18.590878
2023-02-26,18.594551
2023-02-27,18.587748
2023-02-28,18.573332
2023-03-01,18.564363
2023-03-02,18.553482
2023-03-03,18.54501
2023-03-04,18.5348
2023-03-05,18.52797
2023-03-06,18.514877
2023-03-07,18.516056
2023-03-08,18.501663
2023-03-09,18.492758
2023-03-10,18.483768
2023-03-11,18.488476
2023-03-12,18.495796
2023-03-13,18.497934
2023-03-14,18.503887
2023-03-15,18.493547
2023-03-16,18.478752
2023-03-17,18.479998
2023-03-18,18.473097
2023-03-19,18.472105
2023-03-20,18.471575
2023-03-21,18.46519
2023-03-22,18.451609
2023-03-23,18.438093
2023-03-24,18.428558
2023-03-25,18.428764
2023-03-26,18.427673
2023-03-27,18.431835
2023-03-28,18.464561
2023-03-29,18.471209
2023-03-30,18.467495
2023-03-31,18.461168
2023-04-01,18.454987
2023-04-02,18.450615
2023-04-03,18.44752
2023-04-04,18.456053
2023-04-05,18.454533
2023-04-06,18.447067
2023-04-07,18.432436
2023-04-08,18.42242
2023-04-09,18.417116
2023-04-10,18.417675
2023-04-11,18.42612
2023-04-12,18.414621
2023-04-13,18.405556
2023-04-14,18.395445
2023-04-15,18.390984
2023-04-16,18.394741
2023-04-17,18.410776
2023-04-18,18.407915
2023-04-19,18.405483
2023-04-20,18.391275
2023-04-21,18.384907
2023-04-22,18.381483
2023-04-23,18.366539
2023-04-24,18.35143
2023-04-25,18.350021
2023-04-26,18.344929
2023-04-27,18.363033
2023-04-28,18.371803
2023-04-29,18.368608
2023-04-30,18.36065
2023-05-01,18.36208
2023-05-02,18.360727
2023-05-03,18.35469
2023-05-04,18.352814
2023-05-05,18.346853
2023-05-06,18.350983
2023-05-07,18.359697
2023-05-08,18.361534
2023-05-09,18.369087
2023-05-10,18.36589
2023-05-11,18.366762
2023-05-12,18.36838
2023-05-13,18.352177
2023-05-14,18.341364
2023-05-15,18.325136
2023-05-16,18.322208
2023-05-17,18.334879
2023-05-18,18.350962
2023-05-19,18.359154
2023-05-20,18.362568
2023-05-21,18.361795
2023-05-22,18.357246
2023-05-23,18.346859
2023-05-24,18.331964
2023-05-25,18.309702
2023-05-26,18.311735
2023-05-27,18.314793
2023-05-28,18.319506
2023-05-29,18.315147
2023-05-30,18.307554
2023-05-31,18.298817
2023-06-01,
2023-06-02,
2023-06-03,
2023-06-04,
2023-06-05,
2023-06-06,
2023-06-07,
2023-06-08,
2023-06-09,
2023-06-10,
2023-06-11,
2023-06-12,
2023-06-13,
2023-06-14,
2023-06-15,
2023-06-16,
2023-06-17,
2023-06-18,
2023-06-19,
2023-06-20,
2023-06-21,
2023-06-22,
2023-06-23,
2023-06-24,
2023-06-25,
2023-06-26,
2023-06-27,
2023-06-28,
2023-06-29,18.261896
2023-06-30,
2023-07-01,18.260403
2023-07-02,
2023-07-03,18.241358
2023-07-04,
2023-07-05,18.230793
2023-07-06,
2023-07-07,18.253403
2023-07-08,
2023-07-09,18.28289
2023-07-10,
2023-07-11,18.26841
2023-07-12,
2023-07-13,18.25599
2023-07-14,
2023-07-15,18.242626
2023-07-16,
2023-07-17,18.236385
2023-07-18,
2023-07-19,18.236935
2023-07-20,
2023-07-21,18.226942
2023-07-22,
2023-07-23,18.235104
2023-07-24,
2023-07-25,18.248415
2023-07-26,
2023-07-27,18.267128
2023-07-28,
2023-07-29,18.271229
2023-07-30,
2023-07-31,18.24383
2023-08-01,
2023-08-02,18.228857
2023-08-03,
2023-08-04,18.212555
2023-08-05,
2023-08-06,18.220789
2023-08-07,
2023-08-08,18.224813
2023-08-09,
2023-08-10,18.246025
2023-08-11,
2023-08-12,18.257744
2023-08-13,
2023-08-14,18.276876
2023-08-15,
2023-08-16,18.317902
2023-08-17,
2023-08-18,18.333553
2023-08-19,
2023-08-20,18.328379
2023-08-21,
2023-08-22,18.322866
2023-08-23,
2023-08-24,18.291077
2023-08-25,
2023-08-26,18.270689
2023-08-27,
2023-08-28,18.28096
2023-08-29,
2023-08-30,18.295122
2023-08-31,
2023-09-01,18.298883
2023-09-02,
2023-09-03,18.331171
2023-09-04,
2023-09-05,18.365316
2023-09-06,
2023-09-07,18.388302
2023-09-08,
2023-09-09,18.402027
2023-09-10,
2023-09-11,18.426426
2023-09-12,
2023-09-13,18.425474
2023-09-14,
2023-09-15,18.424911
2023-09-16,
2023-09-17,18.451439
2023-09-18,
2023-09-19,18.461681
2023-09-20,
2023-09-21,18.441614
2023-09-22,
2023-09-23,18.43473
2023-09-24,
2023-09-25,18.447243
2023-09-26,
2023-09-27,18.46775
2023-09-28,
2023-09-29,18.467175
2023-09-30,
2023-10-01,18.472464
2023-10-02,
2023-10-03,18.480051
2023-10-04,
2023-10-05,18.4858
2023-10-06,
2023-10-07,18.476255
2023-10-08,
2023-10-09,18.481556
2023-10-10,
2023-10-11,18.479586
2023-10-12,
2023-10-13,18.482052
2023-10-14,
2023-10-15,18.485418
2023-10-16,
2023-10-17,18.50701
2023-10-18,
2023-10-19,18.498789
2023-10-20,
2023-10-21,18.506842
2023-10-22,
2023-10-23,18.493946
2023-10-24,
2023-10-25,18.497355
2023-10-26,
2023-10-27,18.499786
2023-10-28,
2023-10-29,18.501259
2023-10-30,
2023-10-31,18.49451
2023-11-01,
2023-11-02,18.490911
2023-11-03,
2023-11-04,18.490646
2023-11-05,
2023-11-06,18.486805
2023-11-07,
2023-11-08,18.488811
2023-11-09,
2023-11-10,18.492596
2023-11-11,
2023-11-12,18.499798
2023-11-13,
2023-11-14,18.496164
2023-11-15,
2023-11-16,18.482967
2023-11-17,
2023-11-18,18.478434
2023-11-19,
2023-11-20,18.476809
2023-11-21,
2023-11-22,18.476456
2023-11-23,
2023-11-24,18.481556
2023-11-25,
2023-11-26,18.484234
2023-11-27,
2023-11-28,18.501017
2023-11-29,
2023-11-30,18.511162
2023-12-01,
2023-12-02,18.507616
2023-12-03,
2023-12-04,18.507936
2023-12-05,
2023-12-06,18.507349
2023-12-07,
2023-12-08,18.50227
2023-12-09,
2023-12-10,18.500153
2023-12-11,
2023-12-12,18.496824
2023-12-13,
2023-12-14,18.513079
2023-12-15,
2023-12-16,18.520908
2023-12-17,
2023-12-18,18.507875
2023-12-19,
2023-12-20,18.493093
2023-12-21,
2023-12-22,18.50128
