timestamp,sea_level_m,temperature_C,dissolved_o2,salinity_psu,current_speed_m_s,ph,turbidity_kd
2025-12-02T00:00:00,0.4257541298866272,12.829926490783691,288.0171813964844,18.40259552001953,0.023831158876419067,8.247217178344727,0.08256413787603378
2025-12-03T00:00:00,0.42397966980934143,12.98541259765625,287.7697448730469,18.399574279785156,0.023812783882021904,8.245880126953125,0.08258131146430969
2025-12-04T00:00:00,0.42182090878486633,13.12348747253418,287.3299255371094,18.397735595703125,0.023740384727716446,8.24417495727539,0.0825544223189354
2025-12-05T00:00:00,0.41952741146087646,13.234615325927734,286.7011413574219,18.396718978881836,0.023640403524041176,8.241865158081055,0.08246589452028275
2025-12-06T00:00:00,0.417185515165329,13.30681324005127,285.768310546875,18.396005630493164,0.023541437461972237,8.239041328430176,0.08233065903186798
2025-12-07T00:00:00,0.4151126444339752,13.357522010803223,284.6789855957031,18.394582748413086,0.02345440723001957,8.235960960388184,0.08216676115989685
2025-12-08T00:00:00,0.41328099370002747,13.389235496520996,283.5095520019531,18.39270782470703,0.023388901725411415,8.232775688171387,0.08198156952857971
2025-12-09T00:00:00,0.41167643666267395,13.399986267089844,282.32000732421875,18.39078712463379,0.02334933541715145,8.229585647583008,0.08178135752677917
2025-12-10T00:00:00,0.41028907895088196,13.385220527648926,281.1527099609375,18.389249801635742,0.023336201906204224,8.226438522338867,0.08157100528478622
2025-12-11T00:00:00,0.4091266095638275,13.362191200256348,280.0258483886719,18.387929916381836,0.023343950510025024,8.223504066467285,0.08136101812124252
2025-12-12T00:00:00,0.40813639760017395,13.340222358703613,278.9545593261719,18.386789321899414,0.023364504799246788,8.220891952514648,0.08115740120410919
2025-12-13T00:00:00,0.40725982189178467,13.309006690979004,277.9516906738281,18.38619041442871,0.023393064737319946,8.218531608581543,0.08095892518758774
2025-12-14T00:00:00,0.40657392144203186,13.290191650390625,277.01739501953125,18.38561248779297,0.023412488400936127,8.216596603393555,0.08077669143676758
2025-12-15T00:00:00,0.4057999849319458,13.281420707702637,276.2386169433594,18.385147094726562,0.023508956655859947,8.214991569519043,0.0805978924036026
2025-12-16T00:00:00,0.4050307273864746,13.278582572937012,275.5377502441406,18.384952545166016,0.02362664043903351,8.213659286499023,0.08042950928211212
2025-12-17T00:00:00,0.4042019248008728,13.269659996032715,274.9062805175781,18.385269165039062,0.023732712492346764,8.212565422058105,0.08026888221502304
2025-12-18T00:00:00,0.40336230397224426,13.262701988220215,274.32598876953125,18.3858642578125,0.023818450048565865,8.211730003356934,0.08012097328901291
2025-12-19T00:00:00,0.40252864360809326,13.273295402526855,273.811767578125,18.38637924194336,0.023879604414105415,8.211386680603027,0.07999521493911743
2025-12-20T00:00:00,0.4016208052635193,13.273773193359375,273.3633728027344,18.38732147216797,0.0239266324788332,8.21117877960205,0.07987561821937561
2025-12-21T00:00:00,0.4006679952144623,13.257181167602539,272.9809265136719,18.38880729675293,0.023980002850294113,8.210932731628418,0.07975723594427109
2025-12-22T00:00:00,0.3997713625431061,13.243147850036621,272.624755859375,18.390323638916016,0.02401050738990307,8.21082592010498,0.07965278625488281
2025-12-23T00:00:00,0.3989427089691162,13.232038497924805,272.29058837890625,18.391803741455078,0.024017786607146263,8.210859298706055,0.07956252992153168
2025-12-24T00:00:00,0.3980977237224579,13.212181091308594,271.9908447265625,18.39349365234375,0.0240133348852396,8.211028099060059,0.07947667688131332
2025-12-25T00:00:00,0.3972766101360321,13.188226699829102,271.7266540527344,18.39525604248047,0.02399687096476555,8.211257934570312,0.07939925044775009
2025-12-26T00:00:00,0.3965343236923218,13.163880348205566,271.4882507324219,18.396957397460938,0.023969609290361404,8.211535453796387,0.07933300733566284
2025-12-27T00:00:00,0.3957954943180084,13.132155418395996,271.2883605957031,18.398767471313477,0.023936014622449875,8.211871147155762,0.07927143573760986
2025-12-28T00:00:00,0.39508432149887085,13.098203659057617,271.1199035644531,18.400531768798828,0.02388571947813034,8.212333679199219,0.07921851426362991
2025-12-29T00:00:00,0.3943723142147064,13.05653190612793,270.988525390625,18.402385711669922,0.023831475526094437,8.212864875793457,0.07916860282421112
2025-12-30T00:00:00,0.393860787153244,13.010437965393066,270.885986328125,18.404069900512695,0.02375476434826851,8.213473320007324,0.0791177973151207
2025-12-31T00:00:00,0.3934467136859894,12.962350845336914,270.8105163574219,18.40562629699707,0.02366301789879799,8.214208602905273,0.07907281070947647
2026-01-01T00:00:00,0.39306700229644775,12.902549743652344,270.7690734863281,18.407373428344727,0.023594902828335762,8.214859008789062,0.07902432978153229
2026-01-02T00:00:00,0.3928384780883789,12.857858657836914,270.7516784667969,18.409467697143555,0.023529626429080963,8.215231895446777,0.07897603511810303
2026-01-03T00:00:00,0.39262452721595764,12.8088960647583,270.76763916015625,18.41158103942871,0.023457573726773262,8.215691566467285,0.07893021404743195
2026-01-04T00:00:00,0.3924286961555481,12.756124496459961,270.81378173828125,18.4136905670166,0.023380335420370102,8.21622371673584,0.07888709008693695
2026-01-05T00:00:00,0.392253577709198,12.69997501373291,270.8870544433594,18.415786743164062,0.02329942211508751,8.216816902160645,0.0788467675447464
2026-01-06T00:00:00,0.39210113883018494,12.640815734863281,270.9847717285156,18.417858123779297,0.023216279223561287,8.217459678649902,0.0788092240691185
2026-01-07T00:00:00,0.391972154378891,12.578892707824707,271.1045227050781,18.419902801513672,0.023132432252168655,8.218141555786133,0.07877422124147415
2026-01-08T00:00:00,0.39186620712280273,12.51445198059082,271.244384765625,18.42192268371582,0.023048976436257362,8.218857765197754,0.07874152064323425
2026-01-09T00:00:00,0.39179080724716187,12.44670581817627,271.39654541015625,18.42392921447754,0.022969422861933708,8.219620704650879,0.078709676861763
2026-01-10T00:00:00,0.3917402923107147,12.376399993896484,271.5623779296875,18.425912857055664,0.022892769426107407,8.220417022705078,0.07867907732725143
2026-01-11T00:00:00,0.3917088210582733,12.304163932800293,271.7430419921875,18.427865982055664,0.022818028926849365,8.221236228942871,0.07865002751350403
2026-01-12T00:00:00,0.3917762041091919,12.235514640808105,271.9454345703125,18.42991828918457,0.02277032472193241,8.221970558166504,0.078629270195961
2026-01-13T00:00:00,0.39201831817626953,12.175155639648438,272.17901611328125,18.432165145874023,0.02277204766869545,8.222545623779297,0.0786195918917656
2026-01-14T00:00:00,0.39227819442749023,12.113533973693848,272.42327880859375,18.434383392333984,0.022776642814278603,8.22313117980957,0.0786115974187851
2026-01-15T00:00:00,0.39255648851394653,12.050992965698242,272.6771240234375,18.436574935913086,0.022784678265452385,8.223719596862793,0.07860520482063293
2026-01-16T00:00:00,0.3928528130054474,11.98779010772705,272.9393615722656,18.438739776611328,0.022796526551246643,8.224310874938965,0.07860027253627777
2026-01-17T00:00:00,0.3931655287742615,11.92411994934082,273.20880126953125,18.440876007080078,0.022812219336628914,8.224898338317871,0.07859660685062408
2026-01-18T00:00:00,0.39349260926246643,11.860111236572266,273.484375,18.442981719970703,0.022831832990050316,8.225479125976562,0.07859397679567337
2026-01-19T00:00:00,0.39383187890052795,11.795835494995117,273.7651062011719,18.44506072998047,0.02285556122660637,8.226049423217773,0.07859208434820175
2026-01-20T00:00:00,0.39416539669036865,11.732288360595703,274.0486145019531,18.447128295898438,0.022882716730237007,8.22661018371582,0.07859188318252563
2026-01-21T00:00:00,0.39448294043540955,11.669974327087402,274.33319091796875,18.449186325073242,0.022912591695785522,8.227163314819336,0.07859374582767487
2026-01-22T00:00:00,0.39480841159820557,11.607281684875488,274.6206359863281,18.45120620727539,0.022945666685700417,8.22769546508789,0.07859531044960022
2026-01-23T00:00:00,0.3951382637023926,11.544295310974121,274.91021728515625,18.453184127807617,0.02298172377049923,8.228203773498535,0.07859641313552856
2026-01-24T00:00:00,0.39546912908554077,11.481107711791992,275.20123291015625,18.455123901367188,0.02302040159702301,8.228690147399902,0.07859694957733154
2026-01-25T00:00:00,0.3957977890968323,11.417793273925781,275.4930419921875,18.457021713256836,0.023061398416757584,8.22914981842041,0.0785968229174614
2026-01-26T00:00:00,0.3961217999458313,11.35440731048584,275.7851257324219,18.458877563476562,0.023104513064026833,8.229584693908691,0.07859590649604797
2026-01-27T00:00:00,0.3964385986328125,11.291006088256836,276.076904296875,18.460689544677734,0.02314944379031658,8.229992866516113,0.0785941407084465
2026-01-28T00:00:00,0.3967348039150238,11.23962116241455,276.3448486328125,18.462331771850586,0.02318607270717621,8.230379104614258,0.07859494537115097
2026-01-29T00:00:00,0.39700308442115784,11.198052406311035,276.5876770019531,18.463836669921875,0.023212717846035957,8.230734825134277,0.07859890162944794
2026-01-30T00:00:00,0.39724215865135193,11.154911994934082,276.81951904296875,18.46535873413086,0.02323402836918831,8.231046676635742,0.07860442250967026
2026-01-31T00:00:00,0.3974689543247223,11.11245346069336,277.0474548339844,18.46682357788086,0.023256706073880196,8.231328010559082,0.0786089301109314
2026-02-01T00:00:00,0.3976815640926361,11.070855140686035,277.2706298828125,18.468233108520508,0.023280294612050056,8.231579780578613,0.07861250638961792
2026-02-02T00:00:00,0.39787784218788147,11.03026008605957,277.48846435546875,18.469585418701172,0.023304322734475136,8.231803894042969,0.07861519604921341
2026-02-03T00:00:00,0.39805662631988525,10.99075984954834,277.7005615234375,18.470876693725586,0.02332860790193081,8.232000350952148,0.07861698418855667
2026-02-04T00:00:00,0.3982172906398773,10.952407836914062,277.9066162109375,18.47211265563965,0.02335302159190178,8.232170104980469,0.0786178782582283
2026-02-05T00:00:00,0.3983595073223114,10.915233612060547,278.1064758300781,18.473289489746094,0.023377465084195137,8.23231315612793,0.07861786335706711
2026-02-06T00:00:00,0.3984832763671875,10.87923812866211,278.3000793457031,18.474411010742188,0.023401830345392227,8.232431411743164,0.07861694693565369
2026-02-07T00:00:00,0.398588627576828,10.844411849975586,278.4872741699219,18.475473403930664,0.023426076397299767,8.232524871826172,0.07861514389514923
2026-02-08T00:00:00,0.39868900179862976,10.810357093811035,278.6729736328125,18.476472854614258,0.02345449849963188,8.232590675354004,0.07861369848251343
2026-02-09T00:00:00,0.39882180094718933,10.775980949401855,278.87078857421875,18.477384567260742,0.023499496281147003,8.23261833190918,0.07861614972352982
2026-02-10T00:00:00,0.39893871545791626,10.742729187011719,279.06170654296875,18.47824478149414,0.023543724790215492,8.232625007629395,0.07861752808094025
2026-02-11T00:00:00,0.3990417718887329,10.710567474365234,279.245849609375,18.479049682617188,0.023587403818964958,8.232614517211914,0.0786178708076477
2026-02-12T00:00:00,0.39913249015808105,10.679461479187012,279.4234619140625,18.479799270629883,0.023630591109395027,8.232584953308105,0.07861722260713577
2026-02-13T00:00:00,0.39926010370254517,10.64920711517334,279.5882568359375,18.48040008544922,0.02365938574075699,8.232532501220703,0.07862066477537155
2026-02-14T00:00:00,0.39938902854919434,10.619893074035645,279.74530029296875,18.480926513671875,0.023685157299041748,8.232461929321289,0.07862421870231628
2026-02-15T00:00:00,0.39951226115226746,10.591537475585938,279.895751953125,18.481399536132812,0.023710759356617928,8.232377052307129,0.07862696796655655
2026-02-16T00:00:00,0.39963144063949585,10.564141273498535,280.0395812988281,18.4818172454834,0.023736391216516495,8.232278823852539,0.07862892001867294
2026-02-17T00:00:00,0.3997478187084198,10.537707328796387,280.1768493652344,18.482181549072266,0.023762209340929985,8.23216724395752,0.07863011956214905
2026-02-18T00:00:00,0.3998620808124542,10.512246131896973,280.30755615234375,18.482498168945312,0.0237883310765028,8.232043266296387,0.07863056659698486
2026-02-19T00:00:00,0.39997491240501404,10.487760543823242,280.4317932128906,18.482763290405273,0.02381487376987934,8.23190689086914,0.07863029092550278
2026-02-20T00:00:00,0.40008655190467834,10.464261054992676,280.549560546875,18.48298454284668,0.02384190261363983,8.231760025024414,0.07862929999828339
2026-02-21T00:00:00,0.400197297334671,10.441753387451172,280.6610412597656,18.483163833618164,0.023869473487138748,8.231600761413574,0.07862761616706848
2026-02-22T00:00:00,0.4003022313117981,10.420551300048828,280.7657165527344,18.483308792114258,0.02389749139547348,8.231432914733887,0.0786256492137909
2026-02-23T00:00:00,0.40036633610725403,10.403315544128418,280.8547668457031,18.48346710205078,0.023925958201289177,8.231269836425781,0.07862521708011627
2026-02-24T00:00:00,0.40041691064834595,10.38817024230957,280.9325866699219,18.48360824584961,0.0239552091807127,8.231101036071777,0.07862445712089539
2026-02-25T00:00:00,0.40046364068984985,10.374090194702148,281.00457763671875,18.483718872070312,0.023984728381037712,8.230925559997559,0.07862325012683868
2026-02-26T00:00:00,0.4005061686038971,10.361064910888672,281.0710144042969,18.48380470275879,0.024014387279748917,8.230740547180176,0.07862161099910736
2026-02-27T00:00:00,0.40054428577423096,10.349072456359863,281.1319885253906,18.483863830566406,0.024044064804911613,8.230549812316895,0.07861951738595963
2026-02-28T00:00:00,0.4005778431892395,10.338085174560547,281.1878662109375,18.483905792236328,0.02407369203865528,8.230351448059082,0.07861699908971786
2026-03-01T00:00:00,0.40060684084892273,10.328063011169434,281.2389221191406,18.483924865722656,0.0241031926125288,8.230148315429688,0.07861404120922089
2026-03-02T00:00:00,0.4006311595439911,10.318965911865234,281.2852783203125,18.48392677307129,0.02413242496550083,8.229939460754395,0.07861065119504929
2026-03-03T00:00:00,0.40065082907676697,10.310746192932129,281.32708740234375,18.483911514282227,0.02416129596531391,8.22972583770752,0.07860684394836426
2026-03-04T00:00:00,0.4006660282611847,10.303353309631348,281.3646240234375,18.483882904052734,0.024189744144678116,8.229508399963379,0.078602634370327
2026-03-05T00:00:00,0.4006768763065338,10.29673957824707,281.3980407714844,18.483837127685547,0.024217702448368073,8.229289054870605,0.07859804481267929
2026-03-06T00:00:00,0.400683730840683,10.290850639343262,281.427490234375,18.483779907226562,0.024245139211416245,8.229066848754883,0.07859309017658234
2026-03-07T00:00:00,0.40068674087524414,10.285642623901367,281.4532165527344,18.48370933532715,0.024272019043564796,8.228842735290527,0.07858780771493912
2026-03-08T00:00:00,0.40068623423576355,10.281064987182617,281.4753723144531,18.483625411987305,0.02429831027984619,8.228617668151855,0.07858219742774963
2026-03-09T00:00:00,0.4006824195384979,10.277074813842773,281.494140625,18.48353385925293,0.02432400919497013,8.228392601013184,0.07857631146907806
2026-03-10T00:00:00,0.4006756544113159,10.273633003234863,281.50970458984375,18.483430862426758,0.024349112063646317,8.228167533874512,0.0785701647400856
2026-03-11T00:00:00,0.4006662666797638,10.270699501037598,281.522216796875,18.483318328857422,0.024373609572649002,8.227941513061523,0.07856377214193344
2026-03-12T00:00:00,0.40065455436706543,10.268243789672852,281.53179931640625,18.483198165893555,0.024397525936365128,8.227718353271484,0.07855718582868576
2026-03-13T00:00:00,0.4006407856941223,10.266230583190918,281.5386962890625,18.483070373535156,0.024420859292149544,8.227495193481445,0.07855041325092316
2026-03-14T00:00:00,0.4006252586841583,10.264634132385254,281.5429992675781,18.48293685913086,0.024443641304969788,8.227272987365723,0.07854348421096802
2026-03-15T00:00:00,0.40060827136039734,10.263421058654785,281.5448913574219,18.482797622680664,0.02446589432656765,8.22705364227295,0.07853642851114273
2026-03-16T00:00:00,0.4005901515483856,10.26257610321045,281.54449462890625,18.482654571533203,0.0244876891374588,8.226835250854492,0.0785292536020279
2026-03-17T00:00:00,0.4005713164806366,10.262070655822754,281.5420227050781,18.48250389099121,0.024509083479642868,8.226618766784668,0.0785219818353653
2026-03-18T00:00:00,0.40055176615715027,10.261889457702637,281.5375671386719,18.48235321044922,0.024530069902539253,8.226405143737793,0.07851463556289673
2026-03-19T00:00:00,0.4005318880081177,10.262006759643555,281.5312805175781,18.48219871520996,0.024550681933760643,8.226194381713867,0.07850722968578339
2026-03-20T00:00:00,0.4005117118358612,10.262407302856445,281.52325439453125,18.48204231262207,0.024570923298597336,8.225985527038574,0.07849978655576706
2026-03-21T00:00:00,0.4004933834075928,10.262850761413574,281.5124206542969,18.481887817382812,0.02459142543375492,8.225783348083496,0.07849204540252686
2026-03-22T00:00:00,0.40048012137413025,10.262954711914062,281.4967346191406,18.48174285888672,0.02461319789290428,8.22559642791748,0.07848360389471054
2026-03-23T00:00:00,0.4004672169685364,10.263307571411133,281.47979736328125,18.481599807739258,0.02463466487824917,8.225411415100098,0.07847516983747482
2026-03-24T00:00:00,0.4004548490047455,10.263888359069824,281.46173095703125,18.481454849243164,0.02465585432946682,8.22523021697998,0.07846677303314209
2026-03-25T00:00:00,0.40044334530830383,10.26467227935791,281.442626953125,18.48131561279297,0.024676797911524773,8.225053787231445,0.07845842093229294
2026-03-26T00:00:00,0.4004327058792114,10.265645980834961,281.422607421875,18.481176376342773,0.024697480723261833,8.22488021850586,0.07845013588666916
2026-03-27T00:00:00,0.40042316913604736,10.266788482666016,281.40179443359375,18.481042861938477,0.02471792697906494,8.224710464477539,0.07844191789627075
2026-03-28T00:00:00,0.40041494369506836,10.268086433410645,281.3802490234375,18.480911254882812,0.024738142266869545,8.224544525146484,0.07843378931283951
2026-03-29T00:00:00,0.4004080891609192,10.269526481628418,281.35809326171875,18.480785369873047,0.02475816197693348,8.224382400512695,0.07842576503753662
2026-03-30T00:00:00,0.4004027247428894,10.27109432220459,281.33538818359375,18.480663299560547,0.024777980521321297,8.224224090576172,0.0784178376197815
2026-03-31T00:00:00,0.4003989100456238,10.272780418395996,281.31219482421875,18.48054313659668,0.02479761652648449,8.224069595336914,0.07841005176305771
2026-04-01T00:00:00,0.4003942310810089,10.2742919921875,281.2875671386719,18.480440139770508,0.02481614612042904,8.223917007446289,0.07840272784233093
2026-04-02T00:00:00,0.40038546919822693,10.275279998779297,281.26019287109375,18.480361938476562,0.024832436814904213,8.223763465881348,0.07839629799127579
2026-04-03T00:00:00,0.4003782272338867,10.276345252990723,281.2326354980469,18.480287551879883,0.024848591536283493,8.223614692687988,0.0783899798989296
2026-04-04T00:00:00,0.4003724157810211,10.277474403381348,281.2050476074219,18.48021697998047,0.02486460842192173,8.223467826843262,0.07838377356529236
2026-04-05T00:00:00,0.4003678858280182,10.278650283813477,281.177490234375,18.480152130126953,0.024880489334464073,8.223326683044434,0.07837767899036407
2026-04-06T00:00:00,0.4003646671772003,10.279863357543945,281.1500549316406,18.480091094970703,0.02489621378481388,8.223187446594238,0.07837168127298355
2026-04-07T00:00:00,0.4003625810146332,10.281103134155273,281.12274169921875,18.480037689208984,0.0249117910861969,8.223052024841309,0.07836579531431198
2026-04-08T00:00:00,0.40036165714263916,10.28236198425293,281.095703125,18.47998809814453,0.02492721565067768,8.222920417785645,0.07835999876260757
2026-04-09T00:00:00,0.4003618359565735,10.283631324768066,281.06890869140625,18.479942321777344,0.02494250051677227,8.222790718078613,0.07835430651903152
2026-04-10T00:00:00,0.4003629982471466,10.284906387329102,281.04241943359375,18.479902267456055,0.02495761774480343,8.222664833068848,0.07834871113300323
2026-04-11T00:00:00,0.40036526322364807,10.286178588867188,281.0162353515625,18.47986602783203,0.024972587823867798,8.222541809082031,0.0783432200551033
2026-04-12T00:00:00,0.40036845207214355,10.287447929382324,280.9904479980469,18.479835510253906,0.024987416341900826,8.22242259979248,0.07833781838417053
2026-04-13T00:00:00,0.40037259459495544,10.288705825805664,280.9649658203125,18.479808807373047,0.025002092123031616,8.222305297851562,0.07833250612020493
2026-04-14T00:00:00,0.40037766098976135,10.28995132446289,280.93994140625,18.479785919189453,0.02501663938164711,8.222190856933594,0.07832729071378708
2026-04-15T00:00:00,0.40038368105888367,10.291178703308105,280.9152526855469,18.479764938354492,0.025031058117747307,8.222079277038574,0.07832217216491699
2026-04-16T00:00:00,0.4003905951976776,10.292387008666992,280.8909912109375,18.47974967956543,0.025045350193977356,8.221969604492188,0.07831712812185287
2026-04-17T00:00:00,0.400398313999176,10.293575286865234,280.8671569824219,18.479740142822266,0.025059524923563004,8.221861839294434,0.07831218838691711
2026-04-18T00:00:00,0.4004068970680237,10.29473876953125,280.8437194824219,18.4797306060791,0.02507358230650425,8.221757888793945,0.07830733060836792
2026-04-19T00:00:00,0.4004163146018982,10.295877456665039,280.8207092285156,18.479724884033203,0.02508755587041378,8.221654891967773,0.07830256223678589
2026-04-20T00:00:00,0.40042656660079956,10.296989440917969,280.79815673828125,18.479721069335938,0.025101421400904655,8.22155475616455,0.07829788327217102
2026-04-21T00:00:00,0.4004375636577606,10.298075675964355,280.7760009765625,18.47972297668457,0.025115208700299263,8.221455574035645,0.07829327881336212
2026-04-22T00:00:00,0.40044939517974854,10.299134254455566,280.7542724609375,18.479724884033203,0.02512892335653305,8.221359252929688,0.07828876376152039
2026-04-23T00:00:00,0.40046194195747375,10.300167083740234,280.7329406738281,18.479732513427734,0.025142572820186615,8.221264839172363,0.07828432321548462
2026-04-24T00:00:00,0.40047529339790344,10.30117130279541,280.7120666503906,18.479740142822266,0.025156158953905106,8.221172332763672,0.07827997207641602
2026-04-25T00:00:00,0.4004892408847809,10.302149772644043,280.69158935546875,18.47974967956543,0.02516968734562397,8.221080780029297,0.07827568799257278
2026-04-26T00:00:00,0.4005039632320404,10.3031005859375,280.6715087890625,18.479764938354492,0.025183163583278656,8.220992088317871,0.07827147096395493
2026-04-27T00:00:00,0.4005192518234253,10.30402660369873,280.6518249511719,18.479778289794922,0.025196591392159462,8.220903396606445,0.07826732844114304
2026-04-28T00:00:00,0.4005351662635803,10.304924964904785,280.632568359375,18.479795455932617,0.025209974497556686,8.220817565917969,0.07826326042413712
2026-04-29T00:00:00,0.40055161714553833,10.305797576904297,280.6136474609375,18.479814529418945,0.02522331103682518,8.220731735229492,0.07825925201177597
2026-04-30T00:00:00,0.4005686044692993,10.306646347045898,280.59515380859375,18.479835510253906,0.02523660846054554,8.220647811889648,0.0782553106546402
2026-05-01T00:00:00,0.4005860686302185,10.307470321655273,280.57696533203125,18.4798583984375,0.025249848142266273,8.220565795898438,0.0782514289021492
2026-05-02T00:00:00,0.4006039798259735,10.308271408081055,280.5591735839844,18.479881286621094,0.02526305615901947,8.220484733581543,0.07824760675430298
2026-05-03T00:00:00,0.40062227845191956,10.309046745300293,280.5417175292969,18.47990608215332,0.025276202708482742,8.220404624938965,0.07824383676052094
2026-05-04T00:00:00,0.4006408751010895,10.309799194335938,280.52459716796875,18.47993278503418,0.025289291515946388,8.220325469970703,0.07824013382196426
2026-05-05T00:00:00,0.40065982937812805,10.310528755187988,280.5078125,18.479961395263672,0.025302322581410408,8.220247268676758,0.07823647558689117
2026-05-06T00:00:00,0.40067899227142334,10.311235427856445,280.4913330078125,18.479990005493164,0.0253152959048748,8.220170974731445,0.07823286950588226
2026-05-07T00:00:00,0.4006984531879425,10.311920166015625,280.4751892089844,18.480018615722656,0.025328218936920166,8.22009563446045,0.07822931557893753
2026-05-08T00:00:00,0.40071818232536316,10.31258487701416,280.45928955078125,18.48004913330078,0.025341080501675606,8.220020294189453,0.07822580635547638
2026-05-09T00:00:00,0.40073806047439575,10.313227653503418,280.4437255859375,18.48008155822754,0.025353895500302315,8.21994686126709,0.07822234183549881
2026-05-10T00:00:00,0.40075814723968506,10.313851356506348,280.42840576171875,18.480113983154297,0.02536664716899395,8.219873428344727,0.07821892201900482
2026-05-11T00:00:00,0.4007783532142639,10.314455032348633,280.4133605957031,18.480146408081055,0.025379346683621407,8.21980094909668,0.07821554690599442
2026-05-12T00:00:00,0.4007987082004547,10.315040588378906,280.3985900878906,18.480178833007812,0.025391992181539536,8.219730377197266,0.0782122015953064
2026-05-13T00:00:00,0.4008190929889679,10.315607070922852,280.3840637207031,18.480215072631836,0.025404570624232292,8.219659805297852,0.07820890098810196
2026-05-14T00:00:00,0.40083959698677063,10.316154479980469,280.3697814941406,18.480247497558594,0.02541710063815117,8.219589233398438,0.0782056450843811
2026-05-15T00:00:00,0.40086013078689575,10.316686630249023,280.355712890625,18.480283737182617,0.025429556146264076,8.219520568847656,0.07820241153240204
2026-05-16T00:00:00,0.40088075399398804,10.317201614379883,280.34185791015625,18.480318069458008,0.025441959500312805,8.219450950622559,0.07819921523332596
2026-05-17T00:00:00,0.40090134739875793,10.317700386047363,280.3282775878906,18.48035430908203,0.02545430138707161,8.219383239746094,0.07819604873657227
2026-05-18T00:00:00,0.4009220004081726,10.318182945251465,280.3148498535156,18.480392456054688,0.02546657621860504,8.219315528869629,0.07819291949272156
2026-05-19T00:00:00,0.40094253420829773,10.318652153015137,280.3016662597656,18.480426788330078,0.025478782132267952,8.219249725341797,0.07818981260061264
2026-05-20T00:00:00,0.40096306800842285,10.319106101989746,280.28863525390625,18.480464935302734,0.02549092285335064,8.219182968139648,0.07818673551082611
2026-05-21T00:00:00,0.4009835720062256,10.319544792175293,280.27581787109375,18.480499267578125,0.02550300396978855,8.219117164611816,0.07818368822336197
2026-05-22T00:00:00,0.40100395679473877,10.31997013092041,280.2631530761719,18.48053741455078,0.025515010580420494,8.2190523147583,0.07818067073822021
2026-05-23T00:00:00,0.4010242521762848,10.320382118225098,280.2507019042969,18.480573654174805,0.025526946410536766,8.218988418579102,0.07817767560482025
2026-05-24T00:00:00,0.4010445177555084,10.320780754089355,280.2383728027344,18.48061180114746,0.025538813322782516,8.218923568725586,0.07817471027374268
2026-05-25T00:00:00,0.4010646939277649,10.321167945861816,280.2262268066406,18.48064613342285,0.025550611317157745,8.218859672546387,0.07817176729440689
2026-05-26T00:00:00,0.40108469128608704,10.32154369354248,280.2142333984375,18.480684280395508,0.025562340393662453,8.218796730041504,0.0781688466668129
2026-05-27T00:00:00,0.401104599237442,10.321908950805664,280.2023620605469,18.48072052001953,0.02557399682700634,8.218733787536621,0.07816595584154129
2026-05-28T00:00:00,0.40112441778182983,10.322261810302734,280.190673828125,18.480758666992188,0.025585578754544258,8.218671798706055,0.07816307991743088
2026-05-29T00:00:00,0.4011440575122833,10.32260513305664,280.1791076660156,18.48079490661621,0.025597089901566505,8.218609809875488,0.07816021889448166
2026-05-30T00:00:00,0.4011635184288025,10.322937965393066,280.16766357421875,18.480831146240234,0.025608519092202187,8.218547821044922,0.07815739512443542
2026-05-31T00:00:00,0.4011828899383545,10.323262214660645,280.1563415527344,18.480867385864258,0.025619884952902794,8.218486785888672,0.07815457880496979
2026-06-01T00:00:00,0.4012020528316498,10.323575019836426,280.1451721191406,18.48090362548828,0.025631172582507133,8.218426704406738,0.07815179228782654
2026-06-02T00:00:00,0.4012211561203003,10.323881149291992,280.13409423828125,18.480939865112305,0.025642381981015205,8.218366622924805,0.07814902067184448
2026-06-03T00:00:00,0.4012399911880493,10.324177742004395,280.1231384277344,18.480974197387695,0.025653516873717308,8.218306541442871,0.07814627140760422
2026-06-04T00:00:00,0.4012587368488312,10.324467658996582,280.1123352050781,18.48101043701172,0.025664573535323143,8.218246459960938,0.07814353704452515
2026-06-05T00:00:00,0.4012772738933563,10.324748992919922,280.1015930175781,18.481046676635742,0.025675561279058456,8.218188285827637,0.07814082503318787
2026-06-06T00:00:00,0.40129563212394714,10.325023651123047,280.0909423828125,18.4810791015625,0.025686465203762054,8.21812915802002,0.07813812792301178
2026-06-07T00:00:00,0.401313841342926,10.325289726257324,280.0804138183594,18.481115341186523,0.025697292760014534,8.218070983886719,0.07813545316457748
2026-06-08T00:00:00,0.4013318419456482,10.325551986694336,280.0699768066406,18.48114776611328,0.025708049535751343,8.218012809753418,0.07813279330730438
2026-06-09T00:00:00,0.40134963393211365,10.325806617736816,280.05963134765625,18.481184005737305,0.025718728080391884,8.217955589294434,0.07813014835119247
2026-06-10T00:00:00,0.40136730670928955,10.326054573059082,280.04937744140625,18.481218338012695,0.02572932280600071,8.21789836883545,0.07812751829624176
2026-06-11T00:00:00,0.40138480067253113,10.326297760009766,280.0392150878906,18.481250762939453,0.025739844888448715,8.217841148376465,0.07812491059303284
2026-06-12T00:00:00,0.4014020562171936,10.326534271240234,280.0291442871094,18.48128318786621,0.025750285014510155,8.217784881591797,0.07812231779098511
2026-06-13T00:00:00,0.40141916275024414,10.326766967773438,280.0191650390625,18.4813175201416,0.025760654360055923,8.217728614807129,0.07811973989009857
2026-06-14T00:00:00,0.40143612027168274,10.326993942260742,280.0092468261719,18.481348037719727,0.025770943611860275,8.217673301696777,0.07811718434095383
2026-06-15T00:00:00,0.40145280957221985,10.327217102050781,279.9994201660156,18.481382369995117,0.02578115276992321,8.217617988586426,0.07811465114355087
2026-06-16T00:00:00,0.4014694094657898,10.327435493469238,279.98968505859375,18.481414794921875,0.025791289284825325,8.217561721801758,0.07811211794614792
2026-06-17T00:00:00,0.401485800743103,10.327649116516113,279.97998046875,18.4814453125,0.02580134943127632,8.217507362365723,0.07810960710048676
2026-06-18T00:00:00,0.40150198340415955,10.327859878540039,279.97039794921875,18.481475830078125,0.0258113294839859,8.217453002929688,0.07810711860656738
2026-06-19T00:00:00,0.40151795744895935,10.3280668258667,279.96087646484375,18.48150634765625,0.025821231305599213,8.217398643493652,0.07810463756322861
2026-06-20T00:00:00,0.4015337824821472,10.328269004821777,279.9513854980469,18.481538772583008,0.025831060484051704,8.217345237731934,0.07810217887163162
2026-06-21T00:00:00,0.40154945850372314,10.328470230102539,279.9420166015625,18.481569290161133,0.02584081143140793,8.217291831970215,0.07809973508119583
2026-06-22T00:00:00,0.40156489610671997,10.328666687011719,279.93267822265625,18.481599807739258,0.025850480422377586,8.217238426208496,0.07809730619192123
2026-06-23T00:00:00,0.40158018469810486,10.328861236572266,279.9234313964844,18.481626510620117,0.025860076770186424,8.217185974121094,0.07809489220380783
2026-06-24T00:00:00,0.4015953242778778,10.329052925109863,279.91424560546875,18.481657028198242,0.025869593024253845,8.217133522033691,0.07809250056743622
2026-06-25T00:00:00,0.4016103148460388,10.329241752624512,279.9051208496094,18.481685638427734,0.025879038497805595,8.217081069946289,0.0780901163816452
2026-06-26T00:00:00,0.40162503719329834,10.329427719116211,279.8960876464844,18.481714248657227,0.025888405740261078,8.217029571533203,0.07808774709701538
2026-06-27T00:00:00,0.4016396403312683,10.329611778259277,279.8870544433594,18.48174285888672,0.025897696614265442,8.216978073120117,0.07808540016412735
2026-06-28T00:00:00,0.40165403485298157,10.329792976379395,279.87811279296875,18.48177146911621,0.025906909257173538,8.216927528381348,0.07808306068181992
2026-06-29T00:00:00,0.4016683101654053,10.329973220825195,279.8692626953125,18.481800079345703,0.025916049256920815,8.216876029968262,0.07808074355125427
2026-06-30T00:00:00,0.40168240666389465,10.330150604248047,279.8604431152344,18.48182487487793,0.025925112888216972,8.216826438903809,0.07807844132184982
2026-07-01T00:00:00,0.4016963243484497,10.330327033996582,279.8516845703125,18.48185157775879,0.02593410387635231,8.216775894165039,0.07807614654302597
2026-07-02T00:00:00,0.4017100930213928,10.330500602722168,279.8429870605469,18.48187828063965,0.02594301849603653,8.216727256774902,0.07807387411594391
2026-07-03T00:00:00,0.4017236828804016,10.330672264099121,279.8343811035156,18.481904983520508,0.02595186047255993,8.21667766571045,0.07807161659002304
2026-07-04T00:00:00,0.40173712372779846,10.330843925476074,279.8257751464844,18.481931686401367,0.02596062608063221,8.216628074645996,0.07806937396526337
2026-07-05T00:00:00,0.4017504155635834,10.331014633178711,279.8172607421875,18.481956481933594,0.025969326496124268,8.21657943725586,0.07806714624166489
2026-07-06T00:00:00,0.40176352858543396,10.331181526184082,279.8088073730469,18.481983184814453,0.02597793936729431,8.216530799865723,0.0780649334192276
2026-07-07T00:00:00,0.4017764925956726,10.331348419189453,279.8004150390625,18.48200798034668,0.025986487045884132,8.216483116149902,0.07806273549795151
2026-07-08T00:00:00,0.4017893373966217,10.331513404846191,279.79205322265625,18.482032775878906,0.025994963943958282,8.216435432434082,0.0780605599284172
2026-07-09T00:00:00,0.4018019735813141,10.331677436828613,279.7837829589844,18.482057571411133,0.026003366336226463,8.216388702392578,0.0780583918094635
2026-07-10T00:00:00,0.4018144905567169,10.331841468811035,279.7755432128906,18.482080459594727,0.026011696085333824,8.216341972351074,0.07805623859167099
2026-07-11T00:00:00,0.4018268585205078,10.332003593444824,279.7673645019531,18.482105255126953,0.026019953191280365,8.21629524230957,0.07805411517620087
2026-07-12T00:00:00,0.40183907747268677,10.33216381072998,279.7592468261719,18.482128143310547,0.026028137654066086,8.216248512268066,0.07805199176073074
2026-07-13T00:00:00,0.4018511474132538,10.332324028015137,279.75115966796875,18.482152938842773,0.026036258786916733,8.216203689575195,0.07804989069700241
2026-07-14T00:00:00,0.40186306834220886,10.332483291625977,279.7431640625,18.482175827026367,0.026044297963380814,8.216156959533691,0.07804780453443527
2026-07-15T00:00:00,0.4018748700618744,10.332640647888184,279.7351989746094,18.48219871520996,0.02605227753520012,8.21611213684082,0.07804572582244873
2026-07-16T00:00:00,0.401886522769928,10.33279800415039,279.727294921875,18.482221603393555,0.026060178875923157,8.21606731414795,0.07804366201162338
2026-07-17T00:00:00,0.401898056268692,10.332954406738281,279.7194519042969,18.482242584228516,0.026068013161420822,8.216022491455078,0.07804162055253983
2026-07-18T00:00:00,0.40190941095352173,10.333109855651855,279.7116394042969,18.48226547241211,0.026075778529047966,8.215978622436523,0.07803959399461746
2026-07-19T00:00:00,0.40192070603370667,10.33326530456543,279.7038879394531,18.48228645324707,0.02608347311615944,8.215934753417969,0.07803758233785629
2026-07-20T00:00:00,0.4019317924976349,10.333417892456055,279.69622802734375,18.48230743408203,0.026091108098626137,8.215890884399414,0.07803558558225632
2026-07-21T00:00:00,0.40194278955459595,10.333571434020996,279.6885681152344,18.482328414916992,0.026098670437932014,8.215847969055176,0.07803360372781754
2026-07-22T00:00:00,0.40195363759994507,10.333724021911621,279.6809997558594,18.482351303100586,0.026106154546141624,8.215806007385254,0.07803163677453995
2026-07-23T00:00:00,0.4019644260406494,10.333874702453613,279.6734924316406,18.482372283935547,0.026113586500287056,8.215763092041016,0.07802968472242355
2026-07-24T00:00:00,0.40197497606277466,10.334026336669922,279.666015625,18.482391357421875,0.026120943948626518,8.215720176696777,0.07802774757146835
2026-07-25T00:00:00,0.4019854664802551,10.334176063537598,279.6585998535156,18.482412338256836,0.026128236204385757,8.215679168701172,0.07802581787109375
2026-07-26T00:00:00,0.40199580788612366,10.334324836730957,279.6512145996094,18.482431411743164,0.02613547071814537,8.21563720703125,0.07802391797304153
2026-07-27T00:00:00,0.402006059885025,10.334473609924316,279.6438903808594,18.482452392578125,0.026142627000808716,8.215596199035645,0.07802201807498932
2026-07-28T00:00:00,0.40201616287231445,10.334623336791992,279.63665771484375,18.482471466064453,0.026149721816182137,8.215555191040039,0.07802014797925949
2026-07-29T00:00:00,0.4020261764526367,10.334769248962402,279.6294250488281,18.48249053955078,0.026156751438975334,8.21551513671875,0.07801828533411026
2026-07-30T00:00:00,0.40203604102134705,10.334915161132812,279.6222839355469,18.482507705688477,0.026163717731833458,8.215475082397461,0.07801643013954163
2026-07-31T00:00:00,0.402045875787735,10.335060119628906,279.6152038574219,18.482528686523438,0.02617061883211136,8.215435028076172,0.07801460474729538
2026-08-01T00:00:00,0.4020555019378662,10.335206031799316,279.608154296875,18.482545852661133,0.026177462190389633,8.2153959274292,0.07801278680562973
2026-08-02T00:00:00,0.4020650088787079,10.335350036621094,279.60113525390625,18.48256492614746,0.026184238493442535,8.215356826782227,0.07801097631454468
2026-08-03T00:00:00,0.4020744860172272,10.335494041442871,279.59417724609375,18.482582092285156,0.026190951466560364,8.215317726135254,0.07800918817520142
2026-08-04T00:00:00,0.40208378434181213,10.335637092590332,279.5873107910156,18.482601165771484,0.026197602972388268,8.215278625488281,0.07800741493701935
2026-08-05T00:00:00,0.4020930528640747,10.335780143737793,279.5804443359375,18.48261833190918,0.026204194873571396,8.215240478515625,0.07800565659999847
2026-08-06T00:00:00,0.40210211277008057,10.335921287536621,279.57366943359375,18.482635498046875,0.02621072344481945,8.215203285217285,0.0780039057135582
2026-08-07T00:00:00,0.40211114287376404,10.33606243133545,279.56695556640625,18.482654571533203,0.026217186823487282,8.215165138244629,0.07800218462944031
2026-08-08T00:00:00,0.40212002396583557,10.336202621459961,279.56024169921875,18.482669830322266,0.026223598048090935,8.215127944946289,0.07800046354532242
2026-08-09T00:00:00,0.40212881565093994,10.336341857910156,279.5536193847656,18.48268699645996,0.026229938492178917,8.21509075164795,0.07799875736236572
2026-08-10T00:00:00,0.40213751792907715,10.336481094360352,279.5470275878906,18.482704162597656,0.02623623050749302,8.215054512023926,0.07799707353115082
2026-08-11T00:00:00,0.4021461308002472,10.336618423461914,279.5404968261719,18.48272132873535,0.02624245546758175,8.215018272399902,0.07799539715051651
2026-08-12T00:00:00,0.4021546244621277,10.336755752563477,279.5340270996094,18.482736587524414,0.02624862641096115,8.214982032775879,0.0779937356710434
2026-08-13T00:00:00,0.402163028717041,10.336892127990723,279.5276184082031,18.48275375366211,0.026254737749695778,8.214946746826172,0.07799209654331207
2026-08-14T00:00:00,0.4021713137626648,10.337028503417969,279.521240234375,18.482769012451172,0.02626078762114048,8.214911460876465,0.07799045741558075
2026-08-15T00:00:00,0.4021795392036438,10.337163925170898,279.5149230957031,18.482784271240234,0.026266779750585556,8.214877128601074,0.07798884063959122
2026-08-16T00:00:00,0.40218767523765564,10.337297439575195,279.5086364746094,18.482799530029297,0.026272723451256752,8.214841842651367,0.07798723876476288
2026-08-17T00:00:00,0.40219566226005554,10.337430953979492,279.5024108886719,18.48281478881836,0.026278605684638023,8.21480655670166,0.07798565179109573
2026-08-18T00:00:00,0.40220358967781067,10.337563514709473,279.4962463378906,18.482830047607422,0.026284419000148773,8.214773178100586,0.07798407226800919
2026-08-19T00:00:00,0.402211457490921,10.337696075439453,279.4901123046875,18.482845306396484,0.026290196925401688,8.214739799499512,0.07798251509666443
2026-08-20T00:00:00,0.40221914649009705,10.337827682495117,279.4840393066406,18.482858657836914,0.02629590965807438,8.214706420898438,0.07798096537590027
2026-08-21T00:00:00,0.4022268056869507,10.337958335876465,279.4779968261719,18.48287582397461,0.026301568374037743,8.214672088623047,0.0779794231057167
2026-08-22T00:00:00,0.40223437547683716,10.338088035583496,279.4720458984375,18.48288917541504,0.02630717307329178,8.214639663696289,0.07797790318727493
2026-08-23T00:00:00,0.40224191546440125,10.338218688964844,279.46612548828125,18.4829044342041,0.02631271816790104,8.214607238769531,0.07797639071941376
2026-08-24T00:00:00,0.402249276638031,10.338345527648926,279.4602355957031,18.48291778564453,0.02631821297109127,8.21457576751709,0.07797490060329437
2026-08-25T00:00:00,0.402256578207016,10.338473320007324,279.4544372558594,18.48293113708496,0.026323657482862473,8.214543342590332,0.07797341793775558
2026-08-26T00:00:00,0.4022638499736786,10.338600158691406,279.4486389160156,18.482946395874023,0.0263290386646986,8.214510917663574,0.0779719427227974
2026-08-27T00:00:00,0.40227100253105164,10.338726997375488,279.44293212890625,18.48295783996582,0.026334380730986595,8.214479446411133,0.07797049731016159
2026-08-28T00:00:00,0.40227803587913513,10.338851928710938,279.4372253417969,18.482973098754883,0.026339661329984665,8.214448928833008,0.07796904444694519
2026-08-29T00:00:00,0.40228500962257385,10.33897590637207,279.4316101074219,18.482986450195312,0.026344891637563705,8.214418411254883,0.07796762138605118
2026-08-30T00:00:00,0.4022919237613678,10.339098930358887,279.426025390625,18.482999801635742,0.026350080966949463,8.214387893676758,0.07796620577573776
2026-08-31T00:00:00,0.40229877829551697,10.33922290802002,279.4205017089844,18.48301124572754,0.026355206966400146,8.214357376098633,0.07796479761600494
2026-09-01T00:00:00,0.4023054838180542,10.33934497833252,279.4150085449219,18.4830265045166,0.0263602863997221,8.214326858520508,0.07796340435743332
2026-09-02T00:00:00,0.40231215953826904,10.33946418762207,279.4095458984375,18.4830379486084,0.026365315541625023,8.2142972946167,0.07796203345060349
2026-09-03T00:00:00,0.4023187458515167,10.339585304260254,279.4041442871094,18.483051300048828,0.026370292529463768,8.21426773071289,0.07796066254377365
2026-09-04T00:00:00,0.40232527256011963,10.339704513549805,279.3988342285156,18.483062744140625,0.026375222951173782,8.214239120483398,0.07795931398868561
2026-09-05T00:00:00,0.40233170986175537,10.339823722839355,279.39349365234375,18.483076095581055,0.026380106806755066,8.21420955657959,0.07795797288417816
2026-09-06T00:00:00,0.4023381173610687,10.33994197845459,279.38824462890625,18.48308753967285,0.02638494037091732,8.214180946350098,0.07795663923025131
2026-09-07T00:00:00,0.40234437584877014,10.340058326721191,279.383056640625,18.48309898376465,0.026389723643660545,8.214152336120605,0.07795532792806625
2026-09-08T00:00:00,0.40235060453414917,10.340174674987793,279.3778991699219,18.483110427856445,0.02639445662498474,8.21412467956543,0.07795402407646179
2026-09-09T00:00:00,0.4023567736148834,10.340290069580078,279.3727722167969,18.483123779296875,0.026399146765470505,8.214097023010254,0.07795273512601852
2026-09-10T00:00:00,0.4023628532886505,10.340405464172363,279.3677062988281,18.48313331604004,0.026403790339827538,8.214069366455078,0.07795145362615585
2026-09-11T00:00:00,0.40236881375312805,10.340518951416016,279.3627014160156,18.48314666748047,0.02640838548541069,8.214042663574219,0.07795017957687378
2026-09-12T00:00:00,0.4023747742176056,10.340631484985352,279.3576965332031,18.483158111572266,0.026412934064865112,8.214015007019043,0.0779489204287529
2026-09-13T00:00:00,0.40238070487976074,10.340744018554688,279.352783203125,18.483169555664062,0.026417437940835953,8.213988304138184,0.07794768363237381
2026-09-14T00:00:00,0.40238648653030396,10.34085464477539,279.3478698730469,18.48318099975586,0.02642190083861351,8.213961601257324,0.07794644683599472
2026-09-15T00:00:00,0.4023922085762024,10.340964317321777,279.3430480957031,18.483190536499023,0.02642631158232689,8.213934898376465,0.07794522494077682
2026-09-16T00:00:00,0.40239784121513367,10.34107494354248,279.3382263183594,18.48320198059082,0.026430679485201836,8.213909149169922,0.07794402539730072
2026-09-17T00:00:00,0.40240350365638733,10.341182708740234,279.33349609375,18.483211517333984,0.02643500082194805,8.213883399963379,0.07794281840324402
2026-09-18T00:00:00,0.40240898728370667,10.341291427612305,279.3287658691406,18.48322296142578,0.026439286768436432,8.213858604431152,0.07794163376092911
2026-09-19T00:00:00,0.4024145007133484,10.341398239135742,279.3240966796875,18.483232498168945,0.026443518698215485,8.21383285522461,0.07794046401977539
2026-09-20T00:00:00,0.40241989493370056,10.341504096984863,279.3194580078125,18.483243942260742,0.026447713375091553,8.213807106018066,0.07793929427862167
2026-09-21T00:00:00,0.40242528915405273,10.341609954833984,279.31488037109375,18.48325538635254,0.026451867073774338,8.213783264160156,0.07793813943862915
2026-09-22T00:00:00,0.40243062376976013,10.341714859008789,279.3103332519531,18.48326301574707,0.02645597606897354,8.21375846862793,0.07793699949979782
2026-09-23T00:00:00,0.402435839176178,10.341817855834961,279.30584716796875,18.483274459838867,0.02646004594862461,8.213733673095703,0.07793586701154709
2026-09-24T00:00:00,0.40244096517562866,10.34192180633545,279.3013610839844,18.48328399658203,0.02646406553685665,8.21371078491211,0.07793474942445755
2026-09-25T00:00:00,0.40244612097740173,10.342022895812988,279.2969665527344,18.483293533325195,0.026468051597476006,8.213685989379883,0.07793363928794861
2026-09-26T00:00:00,0.40245115756988525,10.342124938964844,279.2925720214844,18.48330307006836,0.026471996679902077,8.213663101196289,0.07793254405260086
2026-09-27T00:00:00,0.402456134557724,10.342225074768066,279.28826904296875,18.483312606811523,0.026475902646780014,8.213639259338379,0.07793145626783371
2026-09-28T00:00:00,0.40246108174324036,10.342325210571289,279.2839660644531,18.483322143554688,0.02647976391017437,8.213616371154785,0.07793038338422775
2026-09-29T00:00:00,0.40246596932411194,10.342424392700195,279.2796936035156,18.48333168029785,0.026483584195375443,8.213593482971191,0.0779293105006218
2026-09-30T00:00:00,0.40247073769569397,10.342521667480469,279.2754821777344,18.483341217041016,0.02648736536502838,8.213570594787598,0.07792825251817703
2026-10-01T00:00:00,0.4024755358695984,10.342619895935059,279.27130126953125,18.48335075378418,0.026491107419133186,8.21354866027832,0.07792720943689346
2026-10-02T00:00:00,0.4024803042411804,10.342716217041016,279.2671813964844,18.48335838317871,0.026494814082980156,8.213525772094727,0.07792618125677109
2026-10-03T00:00:00,0.4024848937988281,10.342811584472656,279.2630920410156,18.483367919921875,0.02649848163127899,8.21350383758545,0.07792514562606812
2026-10-04T00:00:00,0.4024895429611206,10.342906951904297,279.259033203125,18.48337745666504,0.026502102613449097,8.213482856750488,0.07792413979768753
2026-10-05T00:00:00,0.4024941027164459,10.342998504638672,279.2550048828125,18.48338508605957,0.02650570310652256,8.213460922241211,0.07792312651872635
2026-10-06T00:00:00,0.4024985730648041,10.343092918395996,279.25103759765625,18.4833927154541,0.026509257033467293,8.21343994140625,0.07792213559150696
2026-10-07T00:00:00,0.40250304341316223,10.343186378479004,279.2471008300781,18.483402252197266,0.02651277370750904,8.213418960571289,0.07792114466428757
2026-10-08T00:00:00,0.4025074243545532,10.343276977539062,279.2431945800781,18.483409881591797,0.026516245678067207,8.213397026062012,0.07792017608880997
2026-10-09T00:00:00,0.40251174569129944,10.343367576599121,279.23931884765625,18.48341941833496,0.026519695296883583,8.213376998901367,0.07791920751333237
2026-10-10T00:00:00,0.40251606702804565,10.34345817565918,279.2355041503906,18.483427047729492,0.026523100212216377,8.213356018066406,0.07791824638843536
2026-10-11T00:00:00,0.4025202989578247,10.343547821044922,279.231689453125,18.483434677124023,0.026526473462581635,8.213335990905762,0.07791730016469955
2026-10-12T00:00:00,0.40252453088760376,10.343636512756348,279.2279357910156,18.483442306518555,0.026529815047979355,8.213315963745117,0.07791636884212494
2026-10-13T00:00:00,0.40252864360809326,10.34372329711914,279.2242126464844,18.48345184326172,0.02653311751782894,8.213295936584473,0.07791544497013092
2026-10-14T00:00:00,0.40253275632858276,10.34381103515625,279.2205505371094,18.48345947265625,0.026536379009485245,8.213275909423828,0.0779145210981369
2026-10-15T00:00:00,0.4025367796421051,10.343896865844727,279.2168884277344,18.48346710205078,0.02653961442410946,8.2132568359375,0.07791361212730408
2026-10-16T00:00:00,0.40254083275794983,10.343982696533203,279.2132873535156,18.483474731445312,0.02654280699789524,8.213237762451172,0.07791271060705185
2026-10-17T00:00:00,0.402544766664505,10.344067573547363,279.209716796875,18.483482360839844,0.026545975357294083,8.213217735290527,0.07791182398796082
2026-10-18T00:00:00,0.4025486707687378,10.34415054321289,279.2061767578125,18.483488082885742,0.02654910273849964,8.213199615478516,0.07791093736886978
2026-10-19T00:00:00,0.4025525450706482,10.344234466552734,279.2026672363281,18.483495712280273,0.02655220404267311,8.213180541992188,0.07791006565093994
2026-10-20T00:00:00,0.40255632996559143,10.344316482543945,279.1991882324219,18.483505249023438,0.026555268093943596,8.213162422180176,0.0779092013835907
2026-10-21T00:00:00,0.40256014466285706,10.344398498535156,279.1957702636719,18.483510971069336,0.026558298617601395,8.213143348693848,0.07790834456682205
2026-10-22T00:00:00,0.4025638699531555,10.34447956085205,279.1923522949219,18.483518600463867,0.026561306789517403,8.213126182556152,0.077907495200634
2026-10-23T00:00:00,0.4025675654411316,10.344559669494629,279.1889953613281,18.4835262298584,0.026564275845885277,8.21310806274414,0.07790665328502655
2026-10-24T00:00:00,0.4025712013244629,10.34463882446289,279.1856689453125,18.48353385925293,0.026567209511995316,8.213089942932129,0.07790582627058029
2026-10-25T00:00:00,0.4025748074054718,10.344717979431152,279.182373046875,18.483537673950195,0.026570111513137817,8.213072776794434,0.07790500670671463
2026-10-26T00:00:00,0.40257832407951355,10.344796180725098,279.1791076660156,18.483545303344727,0.02657298557460308,8.213055610656738,0.07790418714284897
2026-10-27T00:00:00,0.4025819003582001,10.34487247467041,279.1758728027344,18.483552932739258,0.026575835421681404,8.213038444519043,0.0779033899307251
2026-10-28T00:00:00,0.40258538722991943,10.344949722290039,279.17266845703125,18.483558654785156,0.026578649878501892,8.213021278381348,0.07790259271860123
2026-10-29T00:00:00,0.402588814496994,10.345026016235352,279.16949462890625,18.483564376831055,0.026581423357129097,8.213004112243652,0.07790181040763855
2026-10-30T00:00:00,0.4025922119617462,10.345100402832031,279.1663513183594,18.483572006225586,0.026584183797240257,8.212986946105957,0.07790102064609528
2026-10-31T00:00:00,0.40259554982185364,10.345174789428711,279.16326904296875,18.483579635620117,0.026586908847093582,8.212970733642578,0.07790025323629379
2026-11-01T00:00:00,0.40259891748428345,10.345248222351074,279.1601867675781,18.483585357666016,0.02658960595726967,8.2129545211792,0.07789948582649231
2026-11-02T00:00:00,0.4026021659374237,10.345321655273438,279.1571044921875,18.483591079711914,0.026592273265123367,8.21293830871582,0.07789873331785202
2026-11-03T00:00:00,0.40260541439056396,10.345394134521484,279.15411376953125,18.483596801757812,0.02659490332007408,8.212922096252441,0.07789798825979233
2026-11-04T00:00:00,0.4026086628437042,10.345467567443848,279.1511535644531,18.483604431152344,0.026597516611218452,8.212906837463379,0.07789723575115204
2026-11-05T00:00:00,0.4026118516921997,10.345538139343262,279.1481628417969,18.483610153198242,0.026600105687975883,8.212890625,0.07789651304483414
2026-11-06T00:00:00,0.402614951133728,10.34560775756836,279.145263671875,18.48361587524414,0.02660265564918518,8.212875366210938,0.07789579033851624
2026-11-07T00:00:00,0.40261805057525635,10.34567642211914,279.1423645019531,18.48362159729004,0.02660517953336239,8.212860107421875,0.07789506763219833
2026-11-08T00:00:00,0.4026211202144623,10.345746040344238,279.1394958496094,18.483627319335938,0.02660767361521721,8.212844848632812,0.07789435237646103
2026-11-09T00:00:00,0.40262413024902344,10.34581470489502,279.13665771484375,18.483633041381836,0.026610156521201134,8.21282958984375,0.07789365202188492
2026-11-10T00:00:00,0.4026271104812622,10.3458833694458,279.13385009765625,18.483638763427734,0.026612598448991776,8.212815284729004,0.0778929591178894
2026-11-11T00:00:00,0.402630090713501,10.34595012664795,279.131103515625,18.483644485473633,0.026615018025040627,8.212800025939941,0.07789226621389389
2026-11-12T00:00:00,0.4026329517364502,10.346015930175781,279.1283264160156,18.48365020751953,0.02661740593612194,8.212785720825195,0.07789158821105957
2026-11-13T00:00:00,0.4026358723640442,10.34608268737793,279.1256103515625,18.48365592956543,0.026619767770171165,8.21277141571045,0.07789091765880585
2026-11-14T00:00:00,0.4026387333869934,10.346147537231445,279.1229248046875,18.483659744262695,0.026622116565704346,8.212757110595703,0.07789024710655212
2026-11-15T00:00:00,0.40264156460762024,10.346212387084961,279.1202697753906,18.483665466308594,0.02662443369626999,8.212742805480957,0.077889584004879
2026-11-16T00:00:00,0.4026443362236023,10.346277236938477,279.11761474609375,18.483671188354492,0.026626724749803543,8.212729454040527,0.07788893580436707
2026-11-17T00:00:00,0.40264710783958435,10.346339225769043,279.1150207519531,18.48367691040039,0.026628991588950157,8.212716102600098,0.07788828760385513
2026-11-18T00:00:00,0.40264981985092163,10.346402168273926,279.1124267578125,18.48368263244629,0.026631230488419533,8.212701797485352,0.0778876468539238
2026-11-19T00:00:00,0.4026525020599365,10.346464157104492,279.10986328125,18.483686447143555,0.026633447036147118,8.212688446044922,0.07788702100515366
2026-11-20T00:00:00,0.4026551842689514,10.346526145935059,279.1073303222656,18.483692169189453,0.02663564123213291,8.212675094604492,0.07788639515638351
2026-11-21T00:00:00,0.40265777707099915,10.346586227416992,279.1048278808594,18.48369789123535,0.026637809351086617,8.212661743164062,0.07788576930761337
2026-11-22T00:00:00,0.40266039967536926,10.346646308898926,279.10235595703125,18.483701705932617,0.026639951393008232,8.212648391723633,0.07788515836000443
2026-11-23T00:00:00,0.4026629328727722,10.346707344055176,279.09991455078125,18.483707427978516,0.026642072945833206,8.21263599395752,0.07788455486297607
2026-11-24T00:00:00,0.40266546607017517,10.346765518188477,279.09747314453125,18.48371124267578,0.02664417400956154,8.21262264251709,0.07788395136594772
2026-11-25T00:00:00,0.40266796946525574,10.346824645996094,279.0950622558594,18.483715057373047,0.026646243408322334,8.212610244750977,0.07788335531949997
2026-11-26T00:00:00,0.4026704728603363,10.346882820129395,279.0926818847656,18.483720779418945,0.026648303493857384,8.212597846984863,0.07788277417421341
2026-11-27T00:00:00,0.4026729166507721,10.346940040588379,279.0903625488281,18.483726501464844,0.026650330051779747,8.21258544921875,0.07788219302892685
2026-11-28T00:00:00,0.4026753604412079,10.34699535369873,279.0880126953125,18.48373031616211,0.026652337983250618,8.212573051452637,0.07788161188364029
2026-11-29T00:00:00,0.4026777446269989,10.347052574157715,279.0857238769531,18.483736038208008,0.026654325425624847,8.212560653686523,0.07788104563951492
2026-11-30T00:00:00,0.40268009901046753,10.347108840942383,279.08343505859375,18.48373794555664,0.026656292378902435,8.212549209594727,0.07788047939538956
2026-12-01T00:00:00,0.40268245339393616,10.347164154052734,279.0812072753906,18.48374366760254,0.02665824070572853,8.212536811828613,0.07787992805242538
